İl Kod,İl,Erkek,Kadın,Toplam,Yıl
1, Adana,242939,111998,354937,2024
2, Adıyaman,79770,21564,101334,2024
3, Afyonkarahisar,73709,32921,106630,2024
4, Ağrı,23979,9329,33308,2024
5, Amasya,30718,15220,45938,2024
6, Ankara,808737,476517,1285254,2024
7, Antalya,398348,237623,635971,2024
8, Artvin,15577,7265,22842,2024
9, Aydın,115476,67798,183274,2024
10, Balıkesir,137565,79298,216863,2024
11, Bilecik,32938,15993,48931,2024
12, Bingöl,21676,7803,29479,2024
13, Bitlis,27740,9716,37456,2024
14, Bolu,40018,25253,65271,2024
15, Burdur,25392,12777,38169,2024
16, Bursa,464355,269537,733892,2024
17, Çanakkale,63195,35087,98282,2024
18, Çankırı,21966,10974,32940,2024
19, Çorum,43476,22911,66387,2024
20, Denizli,118851,82161,201012,2024
21, Diyarbakır,150585,53721,204306,2024
22, Edirne,40852,26811,67663,2024
23, Elazığ,62186,21520,83706,2024
24, Erzincan,22032,10517,32549,2024
25, Erzurum,63884,23747,87631,2024
26, Eskişehir,121480,68921,190401,2024
27, Gaziantep,286900,89270,376170,2024
28, Giresun,37684,22444,60128,2024
29, Gümüşhane,9600,4139,13739,2024
30, Hakkari,20106,4892,24998,2024
31, Hatay,194522,55237,249759,2024
32, Isparta,41530,24445,65975,2024
33, Mersin,248789,101672,350461,2024
34, İstanbul,2786877,1725679,4512556,2024
35, İzmir,601823,385162,986985,2024
36, Kars,17231,8694,25925,2024
37, Kastamonu,36467,18520,54987,2024
38, Kayseri,175087,71388,246475,2024
39, Kırklareli,46072,27175,73247,2024
40, Kırşehir,21415,7740,29155,2024
41, Kocaeli,410076,196707,606783,2024
42, Konya,269410,99033,368443,2024
43, Kütahya,63607,33076,96683,2024
44, Malatya,100080,31467,131547,2024
45, Manisa,177773,97851,275624,2024
46, Kahramanmaraş,145533,39033,184566,2024
47, Mardin,86604,22977,109581,2024
48, Muğla,152872,78965,231837,2024
49, Muş,21935,8343,30278,2024
50, Nevşehir,35920,16758,52678,2024
51, Niğde,31984,13647,45631,2024
52, Ordu,60189,40147,100336,2024
53, Rize,32481,16802,49283,2024
54, Sakarya,144592,74087,218679,2024
55, Samsun,134487,77353,211840,2024
56, Siirt,23962,7047,31009,2024
57, Sinop,18647,10805,29452,2024
58, Sivas,57993,21595,79588,2024
59, Tekirdağ,196681,106555,303236,2024
60, Tokat,45233,23790,69023,2024
61, Trabzon,80687,43203,123890,2024
62, Tunceli,6639,3354,9993,2024
63, Şanlıurfa,144747,44743,189490,2024
64, Uşak,43374,24768,68142,2024
65, Van,77594,30721,108315,2024
66, Yozgat,31880,11538,43418,2024
67, Zonguldak,69944,28367,98311,2024
68, Aksaray,46831,16822,63653,2024
69, Bayburt,5890,2494,8384,2024
70, Karaman,26670,14021,40691,2024
71, Kırıkkale,27928,11179,39107,2024
72, Batman,66314,23082,89396,2024
73, Şırnak,52044,10710,62754,2024
74, Bartın,19819,12192,32011,2024
75, Ardahan,5909,2950,8859,2024
76, Iğdır,14112,6197,20309,2024
77, Yalova,63947,21624,85571,2024
78, Karabük,26001,11679,37680,2024
79, Kilis,15924,5547,21471,2024
80, Osmaniye,49625,17997,67622,2024
81, Düzce,52602,30116,82718,2024
1, Adana,247650,108973,356623,2023
2, Adıyaman,63308,20990,84298,2023
3, Afyonkarahisar,72194,30557,102751,2023
4, Ağrı,23519,8077,31596,2023
5, Amasya,32048,15467,47515,2023
6, Ankara,807573,458000,1265573,2023
7, Antalya,403894,230399,634293,2023
8, Artvin,16798,7510,24308,2023
9, Aydın,120243,65211,185454,2023
10, Balıkesir,137039,75713,212752,2023
11, Bilecik,33951,16103,50054,2023
12, Bingöl,21124,8034,29158,2023
13, Bitlis,27415,8587,36002,2023
14, Bolu,39953,24468,64421,2023
15, Burdur,24904,12162,37066,2023
16, Bursa,481657,272279,753936,2023
17, Çanakkale,63461,34102,97563,2023
18, Çankırı,21473,10279,31752,2023
19, Çorum,42883,21917,64800,2023
20, Denizli,121889,80296,202185,2023
21, Diyarbakır,146424,53234,199658,2023
22, Edirne,38950,26373,65323,2023
23, Elazığ,59315,20661,79976,2023
24, Erzincan,24104,9987,34091,2023
25, Erzurum,63921,22650,86571,2023
26, Eskişehir,121455,66993,188448,2023
27, Gaziantep,297476,85480,382956,2023
28, Giresun,37022,21981,59003,2023
29, Gümüşhane,9936,4113,14049,2023
30, Hakkari,19693,4947,24640,2023
31, Hatay,136882,44061,180943,2023
32, Isparta,41923,23342,65265,2023
33, Mersin,246783,96795,343578,2023
34, İstanbul,2803770,1690072,4493842,2023
35, İzmir,610383,377719,988102,2023
36, Kars,16351,7601,23952,2023
37, Kastamonu,37009,18510,55519,2023
38, Kayseri,178371,69147,247518,2023
39, Kırklareli,46044,27007,73051,2023
40, Kırşehir,21024,7480,28504,2023
41, Kocaeli,413481,192776,606257,2023
42, Konya,267836,94290,362126,2023
43, Kütahya,64950,31481,96431,2023
44, Malatya,81113,27978,109091,2023
45, Manisa,181097,95966,277063,2023
46, Kahramanmaraş,122413,33516,155929,2023
47, Mardin,86244,22888,109132,2023
48, Muğla,161644,76040,237684,2023
49, Muş,22193,7588,29781,2023
50, Nevşehir,35990,15633,51623,2023
51, Niğde,31221,12142,43363,2023
52, Ordu,61276,38783,100059,2023
53, Rize,32030,16238,48268,2023
54, Sakarya,145380,72824,218204,2023
55, Samsun,133167,75073,208240,2023
56, Siirt,24256,6137,30393,2023
57, Sinop,18942,10919,29861,2023
58, Sivas,58818,20892,79710,2023
59, Tekirdağ,202811,106569,309380,2023
60, Tokat,46202,23470,69672,2023
61, Trabzon,80312,42438,122750,2023
62, Tunceli,6348,3161,9509,2023
63, Şanlıurfa,138224,42484,180708,2023
64, Uşak,43622,25001,68623,2023
65, Van,80108,29708,109816,2023
66, Yozgat,31237,11008,42245,2023
67, Zonguldak,69375,27175,96550,2023
68, Aksaray,44357,15396,59753,2023
69, Bayburt,6438,2469,8907,2023
70, Karaman,27044,14423,41467,2023
71, Kırıkkale,29193,10737,39930,2023
72, Batman,66543,22567,89110,2023
73, Şırnak,46539,9276,55815,2023
74, Bartın,20334,12268,32602,2023
75, Ardahan,5858,2725,8583,2023
76, Iğdır,13960,6640,20600,2023
77, Yalova,64944,20982,85926,2023
78, Karabük,26431,11611,38042,2023
79, Kilis,15938,6291,22229,2023
80, Osmaniye,49312,19794,69106,2023
81, Düzce,54445,30348,84793,2023
1, Adana,256366,110016,366382,2022
2, Adıyaman,52741,20765,73506,2022
3, Afyonkarahisar,78589,31001,109590,2022
4, Ağrı,25925,10186,36111,2022
5, Amasya,33703,16728,50431,2022
6, Ankara,866257,459950,1326207,2022
7, Antalya,415897,222228,638125,2022
8, Artvin,19643,7935,27578,2022
9, Aydın,123239,64073,187312,2022
10, Balıkesir,145595,73479,219074,2022
11, Bilecik,38757,16514,55271,2022
12, Bingöl,23488,9127,32615,2022
13, Bitlis,29115,10112,39227,2022
14, Bolu,45039,25061,70100,2022
15, Burdur,26093,12085,38178,2022
16, Bursa,530594,278465,809059,2022
17, Çanakkale,67176,33382,100558,2022
18, Çankırı,22433,9982,32415,2022
19, Çorum,46408,22240,68648,2022
20, Denizli,136245,84029,220274,2022
21, Diyarbakır,144597,53436,198033,2022
22, Edirne,42651,28453,71104,2022
23, Elazığ,61681,21717,83398,2022
24, Erzincan,25201,10576,35777,2022
25, Erzurum,71068,25989,97057,2022
26, Eskişehir,133071,66688,199759,2022
27, Gaziantep,300412,86409,386821,2022
28, Giresun,40753,23562,64315,2022
29, Gümüşhane,11467,5153,16620,2022
30, Hakkari,23020,6749,29769,2022
31, Hatay,150669,57444,208113,2022
32, Isparta,45719,23444,69163,2022
33, Mersin,243916,95473,339389,2022
34, İstanbul,3073746,1754291,4828037,2022
35, İzmir,673083,385064,1058147,2022
36, Kars,18184,9308,27492,2022
37, Kastamonu,41323,18583,59906,2022
38, Kayseri,196406,68980,265386,2022
39, Kırklareli,49785,28379,78164,2022
40, Kırşehir,22570,7567,30137,2022
41, Kocaeli,446359,186067,632426,2022
42, Konya,279587,93007,372594,2022
43, Kütahya,73316,29171,102487,2022
44, Malatya,89191,34897,124088,2022
45, Manisa,194919,93893,288812,2022
46, Kahramanmaraş,135456,38980,174436,2022
47, Mardin,88005,28250,116255,2022
48, Muğla,167799,73991,241790,2022
49, Muş,24120,9561,33681,2022
50, Nevşehir,37247,15161,52408,2022
51, Niğde,31800,12811,44611,2022
52, Ordu,62294,39440,101734,2022
53, Rize,35960,16890,52850,2022
54, Sakarya,153684,70939,224623,2022
55, Samsun,138004,74914,212918,2022
56, Siirt,26230,7676,33906,2022
57, Sinop,20645,11351,31996,2022
58, Sivas,63280,23856,87136,2022
59, Tekirdağ,225923,110384,336307,2022
60, Tokat,49077,24376,73453,2022
61, Trabzon,87310,43044,130354,2022
62, Tunceli,6509,3201,9710,2022
63, Şanlıurfa,138667,49510,188177,2022
64, Uşak,48934,25248,74182,2022
65, Van,83344,32703,116047,2022
66, Yozgat,33433,12281,45714,2022
67, Zonguldak,80314,28353,108667,2022
68, Aksaray,46379,16181,62560,2022
69, Bayburt,6885,2706,9591,2022
70, Karaman,29427,15080,44507,2022
71, Kırıkkale,29401,11037,40438,2022
72, Batman,70444,26093,96537,2022
73, Şırnak,44587,11792,56379,2022
74, Bartın,21661,11979,33640,2022
75, Ardahan,6558,3196,9754,2022
76, Iğdır,14604,5866,20470,2022
77, Yalova,65021,20736,85757,2022
78, Karabük,29160,11841,41001,2022
79, Kilis,14786,6101,20887,2022
80, Osmaniye,46078,18706,64784,2022
81, Düzce,57530,30546,88076,2022
1, Adana,240480,99825,340305,2021
2, Adıyaman,49530,17413,66943,2021
3, Afyonkarahisar,74768,28268,103036,2021
4, Ağrı,23867,8736,32603,2021
5, Amasya,31655,13550,45205,2021
6, Ankara,824842,414773,1239615,2021
7, Antalya,364448,193778,558226,2021
8, Artvin,22876,6862,29738,2021
9, Aydın,113831,57979,171810,2021
10, Balıkesir,138837,66582,205419,2021
11, Bilecik,36543,14788,51331,2021
12, Bingöl,22899,7620,30519,2021
13, Bitlis,26348,7567,33915,2021
14, Bolu,43912,22498,66410,2021
15, Burdur,26130,10516,36646,2021
16, Bursa,506107,260661,766768,2021
17, Çanakkale,68238,30018,98256,2021
18, Çankırı,21871,8797,30668,2021
19, Çorum,44773,19225,63998,2021
20, Denizli,133227,79634,212861,2021
21, Diyarbakır,137741,45496,183237,2021
22, Edirne,40114,25737,65851,2021
23, Elazığ,63896,19382,83278,2021
24, Erzincan,23678,8673,32351,2021
25, Erzurum,68475,22828,91303,2021
26, Eskişehir,127567,62093,189660,2021
27, Gaziantep,285307,77920,363227,2021
28, Giresun,40130,21606,61736,2021
29, Gümüşhane,11103,4163,15266,2021
30, Hakkari,20380,4953,25333,2021
31, Hatay,142382,51377,193759,2021
32, Isparta,44202,20985,65187,2021
33, Mersin,220994,84676,305670,2021
34, İstanbul,2892069,1593324,4485393,2021
35, İzmir,651945,358853,1010798,2021
36, Kars,16987,7766,24753,2021
37, Kastamonu,38953,16998,55951,2021
38, Kayseri,190525,62851,253376,2021
39, Kırklareli,48259,26624,74883,2021
40, Kırşehir,21376,6499,27875,2021
41, Kocaeli,422889,167933,590822,2021
42, Konya,268128,83200,351328,2021
43, Kütahya,69066,26065,95131,2021
44, Malatya,88149,30993,119142,2021
45, Manisa,185582,85398,270980,2021
46, Kahramanmaraş,136228,35130,171358,2021
47, Mardin,81446,21962,103408,2021
48, Muğla,151977,65430,217407,2021
49, Muş,23272,7745,31017,2021
50, Nevşehir,33636,13045,46681,2021
51, Niğde,30930,11028,41958,2021
52, Ordu,61183,35164,96347,2021
53, Rize,35549,15104,50653,2021
54, Sakarya,145645,63088,208733,2021
55, Samsun,128469,65455,193924,2021
56, Siirt,26464,6393,32857,2021
57, Sinop,19334,9817,29151,2021
58, Sivas,61151,20838,81989,2021
59, Tekirdağ,213943,102854,316797,2021
60, Tokat,47175,21354,68529,2021
61, Trabzon,86289,39059,125348,2021
62, Tunceli,6478,2721,9199,2021
63, Şanlıurfa,128609,41889,170498,2021
64, Uşak,50076,24899,74975,2021
65, Van,78518,28018,106536,2021
66, Yozgat,33071,11020,44091,2021
67, Zonguldak,70300,24943,95243,2021
68, Aksaray,45176,14408,59584,2021
69, Bayburt,6876,2367,9243,2021
70, Karaman,29608,14449,44057,2021
71, Kırıkkale,29549,10429,39978,2021
72, Batman,66908,22623,89531,2021
73, Şırnak,44169,10408,54577,2021
74, Bartın,20573,10410,30983,2021
75, Ardahan,6137,2763,8900,2021
76, Iğdır,14029,5000,19029,2021
77, Yalova,55907,17827,73734,2021
78, Karabük,27450,10501,37951,2021
79, Kilis,14325,5224,19549,2021
80, Osmaniye,46597,15887,62484,2021
81, Düzce,54007,28811,82818,2021
1, Adana,230710,89854,320564,2020
2, Adıyaman,46004,14623,60627,2020
3, Afyonkarahisar,72561,24849,97410,2020
4, Ağrı,23687,8671,32358,2020
5, Amasya,30781,12329,43110,2020
6, Ankara,794274,371670,1165944,2020
7, Antalya,334160,172618,506778,2020
8, Artvin,23015,6344,29359,2020
9, Aydın,107020,52735,159755,2020
10, Balıkesir,133308,59225,192533,2020
11, Bilecik,36086,13030,49116,2020
12, Bingöl,23096,7077,30173,2020
13, Bitlis,24276,6872,31148,2020
14, Bolu,42917,20945,63862,2020
15, Burdur,25507,9485,34992,2020
16, Bursa,481797,235867,717664,2020
17, Çanakkale,65796,26882,92678,2020
18, Çankırı,21029,8023,29052,2020
19, Çorum,44429,18056,62485,2020
20, Denizli,127221,72654,199875,2020
21, Diyarbakır,128237,39792,168029,2020
22, Edirne,39408,24281,63689,2020
23, Elazığ,74624,17336,91960,2020
24, Erzincan,23464,7693,31157,2020
25, Erzurum,65465,20685,86150,2020
26, Eskişehir,123693,55796,179489,2020
27, Gaziantep,267635,67342,334977,2020
28, Giresun,38758,20037,58795,2020
29, Gümüşhane,11861,4038,15899,2020
30, Hakkari,19537,4634,24171,2020
31, Hatay,132506,46335,178841,2020
32, Isparta,42845,19084,61929,2020
33, Mersin,196395,75105,271500,2020
34, İstanbul,2792197,1456578,4248775,2020
35, İzmir,619098,326136,945234,2020
36, Kars,16885,7110,23995,2020
37, Kastamonu,38043,15160,53203,2020
38, Kayseri,183794,55150,238944,2020
39, Kırklareli,47633,25410,73043,2020
40, Kırşehir,20439,5962,26401,2020
41, Kocaeli,407578,152785,560363,2020
42, Konya,259665,71426,331091,2020
43, Kütahya,65841,22792,88633,2020
44, Malatya,84810,26818,111628,2020
45, Manisa,179966,78544,258510,2020
46, Kahramanmaraş,126856,30229,157085,2020
47, Mardin,76234,19254,95488,2020
48, Muğla,141691,57592,199283,2020
49, Muş,22983,7640,30623,2020
50, Nevşehir,32278,11651,43929,2020
51, Niğde,29163,9679,38842,2020
52, Ordu,59013,32506,91519,2020
53, Rize,35253,13519,48772,2020
54, Sakarya,138304,56296,194600,2020
55, Samsun,121904,58862,180766,2020
56, Siirt,25831,5781,31612,2020
57, Sinop,17819,8927,26746,2020
58, Sivas,59133,19562,78695,2020
59, Tekirdağ,202490,93629,296119,2020
60, Tokat,45561,18614,64175,2020
61, Trabzon,84543,35367,119910,2020
62, Tunceli,6618,2695,9313,2020
63, Şanlıurfa,119214,37319,156533,2020
64, Uşak,48945,22034,70979,2020
65, Van,74735,23309,98044,2020
66, Yozgat,33452,10350,43802,2020
67, Zonguldak,68199,22872,91071,2020
68, Aksaray,43526,12456,55982,2020
69, Bayburt,6630,2264,8894,2020
70, Karaman,29692,13949,43641,2020
71, Kırıkkale,29078,9693,38771,2020
72, Batman,60351,19232,79583,2020
73, Şırnak,42245,9144,51389,2020
74, Bartın,20045,9261,29306,2020
75, Ardahan,5965,2681,8646,2020
76, Iğdır,13233,4450,17683,2020
77, Yalova,52135,15846,67981,2020
78, Karabük,26981,9979,36960,2020
79, Kilis,12305,4747,17052,2020
80, Osmaniye,42340,13861,56201,2020
81, Düzce,51507,26032,77539,2020
1, Adana,215405,85865,301270,2019
2, Adıyaman,41775,13927,55702,2019
3, Afyonkarahisar,66731,23897,90628,2019
4, Ağrı,22429,8129,30558,2019
5, Amasya,28121,11365,39486,2019
6, Ankara,753823,362677,1116500,2019
7, Antalya,331137,172432,503569,2019
8, Artvin,19624,6193,25817,2019
9, Aydın,99575,50366,149941,2019
10, Balıkesir,117258,55646,172904,2019
11, Bilecik,32443,12334,44777,2019
12, Bingöl,20167,5972,26139,2019
13, Bitlis,21549,6411,27960,2019
14, Bolu,38448,20079,58527,2019
15, Burdur,24199,9075,33274,2019
16, Bursa,455442,226661,682103,2019
17, Çanakkale,60029,25408,85437,2019
18, Çankırı,17824,7538,25362,2019
19, Çorum,38917,16839,55756,2019
20, Denizli,117307,69306,186613,2019
21, Diyarbakır,115266,36240,151506,2019
22, Edirne,36862,23682,60544,2019
23, Elazığ,50549,16215,66764,2019
24, Erzincan,20803,7423,28226,2019
25, Erzurum,60661,19410,80071,2019
26, Eskişehir,115462,55002,170464,2019
27, Gaziantep,238009,61799,299808,2019
28, Giresun,34545,18765,53310,2019
29, Gümüşhane,10622,3832,14454,2019
30, Hakkari,19611,5203,24814,2019
31, Hatay,123322,45124,168446,2019
32, Isparta,39739,18769,58508,2019
33, Mersin,176993,71314,248307,2019
34, İstanbul,2719631,1410947,4130578,2019
35, İzmir,579054,310802,889856,2019
36, Kars,16713,6806,23519,2019
37, Kastamonu,33530,14310,47840,2019
38, Kayseri,167544,52723,220267,2019
39, Kırklareli,43915,24205,68120,2019
40, Kırşehir,18365,5592,23957,2019
41, Kocaeli,362543,137783,500326,2019
42, Konya,238988,67980,306968,2019
43, Kütahya,60886,21918,82804,2019
44, Malatya,74327,25092,99419,2019
45, Manisa,164080,74118,238198,2019
46, Kahramanmaraş,116067,28643,144710,2019
47, Mardin,67158,16660,83818,2019
48, Muğla,127957,54790,182747,2019
49, Muş,21987,7346,29333,2019
50, Nevşehir,30992,11484,42476,2019
51, Niğde,26807,9517,36324,2019
52, Ordu,52077,31830,83907,2019
53, Rize,32400,13208,45608,2019
54, Sakarya,125296,54268,179564,2019
55, Samsun,109933,56755,166688,2019
56, Siirt,25170,5501,30671,2019
57, Sinop,15776,8143,23919,2019
58, Sivas,54685,17906,72591,2019
59, Tekirdağ,182855,86112,268967,2019
60, Tokat,40520,17796,58316,2019
61, Trabzon,80727,35317,116044,2019
62, Tunceli,6072,2609,8681,2019
63, Şanlıurfa,111747,35670,147417,2019
64, Uşak,42929,20378,63307,2019
65, Van,72056,21987,94043,2019
66, Yozgat,30331,9876,40207,2019
67, Zonguldak,64517,22327,86844,2019
68, Aksaray,38467,11874,50341,2019
69, Bayburt,5877,2229,8106,2019
70, Karaman,25963,13356,39319,2019
71, Kırıkkale,25008,8557,33565,2019
72, Batman,52772,16848,69620,2019
73, Şırnak,40798,8847,49645,2019
74, Bartın,18086,9084,27170,2019
75, Ardahan,6287,2604,8891,2019
76, Iğdır,11835,4419,16254,2019
77, Yalova,46216,15013,61229,2019
78, Karabük,26262,10197,36459,2019
79, Kilis,11869,4589,16458,2019
80, Osmaniye,37843,13107,50950,2019
81, Düzce,45914,24813,70727,2019
1, Adana,220924,85796,306720,2018
2, Adıyaman,41831,12758,54589,2018
3, Afyonkarahisar,67235,23232,90467,2018
4, Ağrı,22562,7310,29872,2018
5, Amasya,28748,11731,40479,2018
6, Ankara,770339,354460,1124799,2018
7, Antalya,320931,161785,482716,2018
8, Artvin,18939,6223,25162,2018
9, Aydın,101046,50597,151643,2018
10, Balıkesir,122198,54556,176754,2018
11, Bilecik,32731,12540,45271,2018
12, Bingöl,21736,6109,27845,2018
13, Bitlis,22351,6645,28996,2018
14, Bolu,38724,19831,58555,2018
15, Burdur,24961,9835,34796,2018
16, Bursa,462255,223526,685781,2018
17, Çanakkale,58351,25153,83504,2018
18, Çankırı,18855,7727,26582,2018
19, Çorum,40705,17098,57803,2018
20, Denizli,120164,68681,188845,2018
21, Diyarbakır,119802,35084,154886,2018
22, Edirne,36903,24445,61348,2018
23, Elazığ,51759,16220,67979,2018
24, Erzincan,22186,7337,29523,2018
25, Erzurum,63384,20011,83395,2018
26, Eskişehir,114905,53786,168691,2018
27, Gaziantep,234543,57740,292283,2018
28, Giresun,34591,18271,52862,2018
29, Gümüşhane,11170,3954,15124,2018
30, Hakkari,20276,6358,26634,2018
31, Hatay,126370,42727,169097,2018
32, Isparta,41034,18522,59556,2018
33, Mersin,173985,68080,242065,2018
34, İstanbul,2671231,1370434,4041665,2018
35, İzmir,591738,306047,897785,2018
36, Kars,17444,7055,24499,2018
37, Kastamonu,34935,14294,49229,2018
38, Kayseri,165206,51218,216424,2018
39, Kırklareli,43678,23427,67105,2018
40, Kırşehir,19982,5874,25856,2018
41, Kocaeli,365685,134947,500632,2018
42, Konya,235761,65120,300881,2018
43, Kütahya,61596,21780,83376,2018
44, Malatya,76106,24355,100461,2018
45, Manisa,170426,71104,241530,2018
46, Kahramanmaraş,115026,28080,143106,2018
47, Mardin,63534,15126,78660,2018
48, Muğla,127247,53840,181087,2018
49, Muş,20905,6544,27449,2018
50, Nevşehir,29099,11018,40117,2018
51, Niğde,28097,9254,37351,2018
52, Ordu,54016,30776,84792,2018
53, Rize,33269,13277,46546,2018
54, Sakarya,124215,52781,176996,2018
55, Samsun,114508,55057,169565,2018
56, Siirt,26332,6533,32865,2018
57, Sinop,16751,8616,25367,2018
58, Sivas,57650,18168,75818,2018
59, Tekirdağ,179578,84670,264248,2018
60, Tokat,42895,17942,60837,2018
61, Trabzon,82450,36685,119135,2018
62, Tunceli,5819,3130,8949,2018
63, Şanlıurfa,112109,33136,145245,2018
64, Uşak,41967,19719,61686,2018
65, Van,70426,19451,89877,2018
66, Yozgat,30274,9948,40222,2018
67, Zonguldak,65114,23006,88120,2018
68, Aksaray,39414,11886,51300,2018
69, Bayburt,6038,2281,8319,2018
70, Karaman,26389,12902,39291,2018
71, Kırıkkale,25777,8362,34139,2018
72, Batman,49745,15071,64816,2018
73, Şırnak,39460,8434,47894,2018
74, Bartın,18665,8871,27536,2018
75, Ardahan,9819,2856,12675,2018
76, Iğdır,12295,4801,17096,2018
77, Yalova,41329,14477,55806,2018
78, Karabük,26936,10315,37251,2018
79, Kilis,11768,4821,16589,2018
80, Osmaniye,40553,13451,54004,2018
81, Düzce,45950,24401,70351,2018
1, Adana,79940,234039,313979,2017
2, Adıyaman,11489,43097,54586,2017
3, Afyonkarahisar,21023,72645,93668,2017
4, Ağrı,5843,21798,27641,2017
5, Amasya,10920,31274,42194,2017
6, Ankara,339053,804562,1143615,2017
7, Antalya,146202,317805,464007,2017
8, Artvin,5996,19571,25567,2017
9, Aydın,48819,116273,165092,2017
10, Balıkesir,50372,125613,175985,2017
11, Bilecik,12253,33449,45702,2017
12, Bingöl,5625,22426,28051,2017
13, Bitlis,4952,21700,26652,2017
14, Bolu,18780,40374,59154,2017
15, Burdur,9511,28091,37602,2017
16, Bursa,216032,482735,698767,2017
17, Çanakkale,24248,62859,87107,2017
18, Çankırı,7038,19888,26926,2017
19, Çorum,16108,44749,60857,2017
20, Denizli,66957,132792,199749,2017
21, Diyarbakır,29513,119741,149254,2017
22, Edirne,22392,37786,60178,2017
23, Elazığ,13359,57564,70923,2017
24, Erzincan,7331,24834,32165,2017
25, Erzurum,17647,67076,84723,2017
26, Eskişehir,52032,124809,176841,2017
27, Gaziantep,51249,244218,295467,2017
28, Giresun,17900,36990,54890,2017
29, Gümüşhane,4096,11786,15882,2017
30, Hakkari,4502,18221,22723,2017
31, Hatay,39504,130304,169808,2017
32, Isparta,17427,44074,61501,2017
33, Mersin,65260,189531,254791,2017
34, İstanbul,1312799,2813999,4126798,2017
35, İzmir,293391,623871,917262,2017
36, Kars,6358,19114,25472,2017
37, Kastamonu,13354,36197,49551,2017
38, Kayseri,47774,172435,220209,2017
39, Kırklareli,22349,46905,69254,2017
40, Kırşehir,5357,21741,27098,2017
41, Kocaeli,127458,374602,502060,2017
42, Konya,61806,253055,314861,2017
43, Kütahya,20260,66847,87107,2017
44, Malatya,22489,77829,100318,2017
45, Manisa,67904,182559,250463,2017
46, Kahramanmaraş,26006,121655,147661,2017
47, Mardin,12712,69260,81972,2017
48, Muğla,50116,131737,181853,2017
49, Muş,5557,20353,25910,2017
50, Nevşehir,9352,29156,38508,2017
51, Niğde,8298,29359,37657,2017
52, Ordu,28751,59298,88049,2017
53, Rize,12567,34479,47046,2017
54, Sakarya,51313,134209,185522,2017
55, Samsun,51376,122620,173996,2017
56, Siirt,4523,24758,29281,2017
57, Sinop,7750,17440,25190,2017
58, Sivas,16141,59033,75174,2017
59, Tekirdağ,82855,189565,272420,2017
60, Tokat,15855,44748,60603,2017
61, Trabzon,36087,87839,123926,2017
62, Tunceli,2393,5593,7986,2017
63, Şanlıurfa,25860,113868,139728,2017
64, Uşak,19204,45817,65021,2017
65, Van,15389,68417,83806,2017
66, Yozgat,8858,30859,39717,2017
67, Zonguldak,20819,67296,88115,2017
68, Aksaray,10258,39567,49825,2017
69, Bayburt,2277,6755,9032,2017
70, Karaman,13571,31215,44786,2017
71, Kırıkkale,8051,28733,36784,2017
72, Batman,12004,46750,58754,2017
73, Şırnak,7048,41192,48240,2017
74, Bartın,8544,22291,30835,2017
75, Ardahan,2499,10402,12901,2017
76, Iğdır,4364,13010,17374,2017
77, Yalova,13635,40909,54544,2017
78, Karabük,9882,28575,38457,2017
79, Kilis,4498,11107,15605,2017
80, Osmaniye,12108,42052,54160,2017
81, Düzce,23029,47850,70879,2017
1, Adana,70643,226312,296955,2016
2, Adıyaman,9428,39078,48506,2016
3, Afyonkarahisar,19357,69090,88447,2016
4, Ağrı,4210,17364,21574,2016
5, Amasya,9378,29358,38736,2016
6, Ankara,379371,827148,1206519,2016
7, Antalya,129641,299402,429043,2016
8, Artvin,4523,18098,22621,2016
9, Aydın,43481,109063,152544,2016
10, Balıkesir,43636,119586,163222,2016
11, Bilecik,10860,30923,41783,2016
12, Bingöl,4211,18435,22646,2016
13, Bitlis,3570,15957,19527,2016
14, Bolu,17200,39141,56341,2016
15, Burdur,7807,26528,34335,2016
16, Bursa,200215,463818,664033,2016
17, Çanakkale,21474,58878,80352,2016
18, Çankırı,5881,18845,24726,2016
19, Çorum,14319,42883,57202,2016
20, Denizli,61797,125262,187059,2016
21, Diyarbakır,25255,103761,129016,2016
22, Edirne,19993,36871,56864,2016
23, Elazığ,10750,48007,58757,2016
24, Erzincan,5579,20475,26054,2016
25, Erzurum,14554,62484,77038,2016
26, Eskişehir,49775,119435,169210,2016
27, Gaziantep,44406,222621,267027,2016
28, Giresun,15757,34281,50038,2016
29, Gümüşhane,2802,10670,13472,2016
30, Hakkari,3654,10840,14494,2016
31, Hatay,33651,123808,157459,2016
32, Isparta,15986,42575,58561,2016
33, Mersin,57256,178717,235973,2016
34, İstanbul,1268510,2781562,4050072,2016
35, İzmir,269088,596090,865178,2016
36, Kars,4392,17577,21969,2016
37, Kastamonu,11301,33152,44453,2016
38, Kayseri,44009,168815,212824,2016
39, Kırklareli,20097,45262,65359,2016
40, Kırşehir,5086,20152,25238,2016
41, Kocaeli,118276,359706,477982,2016
42, Konya,55786,237998,293784,2016
43, Kütahya,18715,64068,82783,2016
44, Malatya,20065,69861,89926,2016
45, Manisa,62149,172388,234537,2016
46, Kahramanmaraş,23184,114645,137829,2016
47, Mardin,8943,51258,60201,2016
48, Muğla,44910,122113,167023,2016
49, Muş,4116,16164,20280,2016
50, Nevşehir,8517,26926,35443,2016
51, Niğde,7442,29530,36972,2016
52, Ordu,24558,54262,78820,2016
53, Rize,10878,36030,46908,2016
54, Sakarya,48014,131620,179634,2016
55, Samsun,45968,114715,160683,2016
56, Siirt,2932,17353,20285,2016
57, Sinop,6472,16594,23066,2016
58, Sivas,13939,59197,73136,2016
59, Tekirdağ,76853,178828,255681,2016
60, Tokat,13498,41134,54632,2016
61, Trabzon,32114,86897,119011,2016
62, Tunceli,1577,4561,6138,2016
63, Şanlıurfa,20255,103899,124154,2016
64, Uşak,16589,44070,60659,2016
65, Van,14184,58493,72677,2016
66, Yozgat,7128,29494,36622,2016
67, Zonguldak,18774,65880,84654,2016
68, Aksaray,8564,35941,44505,2016
69, Bayburt,1370,5459,6829,2016
70, Karaman,12665,28068,40733,2016
71, Kırıkkale,7536,30035,37571,2016
72, Batman,9330,39347,48677,2016
73, Şırnak,4985,27571,32556,2016
74, Bartın,7384,19921,27305,2016
75, Ardahan,1669,6324,7993,2016
76, Iğdır,3861,10955,14816,2016
77, Yalova,12414,40012,52426,2016
78, Karabük,10113,26916,37029,2016
79, Kilis,3812,11583,15395,2016
80, Osmaniye,10552,40625,51177,2016
81, Düzce,22224,47205,69429,2016
1, Adana,40131,11637,51768,2015
2, Adıyaman,9299,1678,10977,2015
3, Afyonkarahisar,14226,2738,16964,2015
4, Ağrı,4820,500,5320,2015
5, Amasya,5747,1726,7473,2015
6, Ankara,98101,31870,129971,2015
7, Antalya,69379,21141,90520,2015
8, Artvin,3499,894,4393,2015
9, Aydın,27790,7663,35453,2015
10, Balıkesir,25901,9398,35299,2015
11, Bilecik,2965,1139,4104,2015
12, Bingöl,2460,315,2775,2015
13, Bitlis,4104,347,4451,2015
14, Bolu,5014,1653,6667,2015
15, Burdur,6391,1928,8319,2015
16, Bursa,60317,20521,80838,2015
17, Çanakkale,11423,4224,15647,2015
18, Çankırı,2386,508,2894,2015
19, Çorum,9237,2417,11654,2015
20, Denizli,25762,8270,34032,2015
21, Diyarbakır,15089,2177,17266,2015
22, Edirne,8405,2613,11018,2015
23, Elazığ,8542,1476,10018,2015
24, Erzincan,3504,760,4264,2015
25, Erzurum,10469,1606,12075,2015
26, Eskişehir,12515,5178,17693,2015
27, Gaziantep,36873,6592,43465,2015
28, Giresun,7495,1836,9331,2015
29, Gümüşhane,2012,417,2429,2015
30, Hakkari,2862,296,3158,2015
31, Hatay,30395,7375,37770,2015
32, Isparta,8224,2436,10660,2015
33, Mersin,35227,9204,44431,2015
34, İstanbul,377180,127197,504377,2015
35, İzmir,86322,31946,118268,2015
36, Kars,3651,587,4238,2015
37, Kastamonu,7364,1678,9042,2015
38, Kayseri,23983,6722,30705,2015
39, Kırklareli,7164,2388,9552,2015
40, Kırşehir,3895,1087,4982,2015
41, Kocaeli,27136,9593,36729,2015
42, Konya,50437,8819,59256,2015
43, Kütahya,9444,2884,12328,2015
44, Malatya,12744,2562,15306,2015
45, Manisa,29504,7341,36845,2015
46, Kahramanmaraş,18502,3664,22166,2015
47, Mardin,8402,1407,9809,2015
48, Muğla,28644,9186,37830,2015
49, Muş,3415,387,3802,2015
50, Nevşehir,7825,1461,9286,2015
51, Niğde,7149,1300,8449,2015
52, Ordu,12384,2845,15229,2015
53, Rize,6269,1260,7529,2015
54, Sakarya,20100,5663,25763,2015
55, Samsun,22526,7258,29784,2015
56, Siirt,2766,205,2971,2015
57, Sinop,3444,1124,4568,2015
58, Sivas,9384,2074,11458,2015
59, Tekirdağ,17770,6028,23798,2015
60, Tokat,9792,2341,12133,2015
61, Trabzon,14468,3325,17793,2015
62, Tunceli,1459,314,1773,2015
63, Şanlıurfa,26734,2918,29652,2015
64, Uşak,8204,3008,11212,2015
65, Van,10901,1037,11938,2015
66, Yozgat,8185,1452,9637,2015
67, Zonguldak,8553,2750,11303,2015
68, Aksaray,8480,1812,10292,2015
69, Bayburt,1351,206,1557,2015
70, Karaman,5454,1087,6541,2015
71, Kırıkkale,4555,1042,5597,2015
72, Batman,5183,581,5764,2015
73, Şırnak,4366,337,4703,2015
74, Bartın,3049,948,3997,2015
75, Ardahan,1639,219,1858,2015
76, Iğdır,2892,454,3346,2015
77, Yalova,5049,1879,6928,2015
78, Karabük,3429,1261,4690,2015
79, Kilis,3020,413,3433,2015
80, Osmaniye,8778,2191,10969,2015
81, Düzce,7000,1874,8874,2015
1, Adana,66716,220070,286786,2014
2, Adıyaman,7676,36191,43867,2014
3, Afyonkarahisar,15808,67035,82843,2014
4, Ağrı,2638,16581,19219,2014
5, Amasya,8522,30082,38604,2014
6, Ankara,323243,801882,1125125,2014
7, Antalya,128727,334962,463689,2014
8, Artvin,4208,18321,22529,2014
9, Aydın,39269,99063,138332,2014
10, Balıkesir,38751,115823,154574,2014
11, Bilecik,10170,31137,41307,2014
12, Bingöl,3431,16501,19932,2014
13, Bitlis,2531,16638,19169,2014
14, Bolu,15608,40866,56474,2014
15, Burdur,7877,27129,35006,2014
16, Bursa,183159,443333,626492,2014
17, Çanakkale,18395,54113,72508,2014
18, Çankırı,5441,18231,23672,2014
19, Çorum,12439,41933,54372,2014
20, Denizli,59671,125211,184882,2014
21, Diyarbakır,20182,98671,118853,2014
22, Edirne,19249,37510,56759,2014
23, Elazığ,9710,48551,58261,2014
24, Erzincan,4543,20436,24979,2014
25, Erzurum,11938,59266,71204,2014
26, Eskişehir,45656,120320,165976,2014
27, Gaziantep,39906,229410,269316,2014
28, Giresun,13527,31970,45497,2014
29, Gümüşhane,2441,9977,12418,2014
30, Hakkari,1772,8684,10456,2014
31, Hatay,28228,120931,149159,2014
32, Isparta,13942,40347,54289,2014
33, Mersin,50379,167881,218260,2014
34, İstanbul,1217199,2754265,3971464,2014
35, İzmir,255937,572377,828314,2014
36, Kars,3787,15650,19437,2014
37, Kastamonu,10068,32544,42612,2014
38, Kayseri,40372,173587,213959,2014
39, Kırklareli,18340,42133,60473,2014
40, Kırşehir,4460,19920,24380,2014
41, Kocaeli,103516,349166,452682,2014
42, Konya,47177,232008,279185,2014
43, Kütahya,15687,63377,79064,2014
44, Malatya,17724,72209,89933,2014
45, Manisa,55470,160623,216093,2014
46, Kahramanmaraş,19256,109095,128351,2014
47, Mardin,6494,49273,55767,2014
48, Muğla,40216,118280,158496,2014
49, Muş,2872,15543,18415,2014
50, Nevşehir,7938,29757,37695,2014
51, Niğde,6837,28623,35460,2014
52, Ordu,21762,51217,72979,2014
53, Rize,10054,34717,44771,2014
54, Sakarya,40853,119881,160734,2014
55, Samsun,41729,112147,153876,2014
56, Siirt,2086,16807,18893,2014
57, Sinop,6359,15764,22123,2014
58, Sivas,11840,56939,68779,2014
59, Tekirdağ,70839,168183,239022,2014
60, Tokat,11499,39266,50765,2014
61, Trabzon,27734,86060,113794,2014
62, Tunceli,1494,4418,5912,2014
63, Şanlıurfa,15370,99954,115324,2014
64, Uşak,15583,42243,57826,2014
65, Van,8169,52410,60579,2014
66, Yozgat,5381,30029,35410,2014
67, Zonguldak,16977,67545,84522,2014
68, Aksaray,7083,33954,41037,2014
69, Bayburt,1192,5591,6783,2014
70, Karaman,12408,28304,40712,2014
71, Kırıkkale,5640,27385,33025,2014
72, Batman,7962,38310,46272,2014
73, Şırnak,2711,25021,27732,2014
74, Bartın,6995,19552,26547,2014
75, Ardahan,1456,5689,7145,2014
76, Iğdır,2447,10862,13309,2014
77, Yalova,11162,37429,48591,2014
78, Karabük,8097,28229,36326,2014
79, Kilis,2086,9593,11679,2014
80, Osmaniye,9797,39928,49725,2014
81, Düzce,21259,48082,69341,2014
1, Adana,8835,32734,41569,2013
2, Adıyaman,1206,8330,9536,2013
3, Afyonkarahisar,2187,12867,15054,2013
4, Ağrı,396,4417,4813,2013
5, Amasya,1543,5677,7220,2013
6, Ankara,27395,90830,118225,2013
7, Antalya,17230,63112,80342,2013
8, Artvin,803,3572,4375,2013
9, Aydın,6554,26026,32580,2013
10, Balıkesir,8465,26182,34647,2013
11, Bilecik,1050,2980,4030,2013
12, Bingöl,232,2254,2486,2013
13, Bitlis,288,3976,4264,2013
14, Bolu,1445,4904,6349,2013
15, Burdur,1684,6597,8281,2013
16, Bursa,17881,55961,73842,2013
17, Çanakkale,3828,11515,15343,2013
18, Çankırı,424,2288,2712,2013
19, Çorum,2186,9204,11390,2013
20, Denizli,7695,25835,33530,2013
21, Diyarbakır,923,7709,8632,2013
22, Edirne,2271,8291,10562,2013
23, Elazığ,1168,7947,9115,2013
24, Erzincan,618,3318,3936,2013
25, Erzurum,1338,9581,10919,2013
26, Eskişehir,3952,10770,14722,2013
27, Gaziantep,5067,33375,38442,2013
28, Giresun,1444,6907,8351,2013
29, Gümüşhane,349,2001,2350,2013
30, Hakkari,233,2607,2840,2013
31, Hatay,6142,29504,35646,2013
32, Isparta,2103,8025,10128,2013
33, Mersin,7244,32219,39463,2013
34, İstanbul,108268,337585,445853,2013
35, İzmir,28778,80632,109410,2013
36, Kars,472,3594,4066,2013
37, Kastamonu,1471,7458,8929,2013
38, Kayseri,5851,22982,28833,2013
39, Kırklareli,2151,7036,9187,2013
40, Kırşehir,921,3986,4907,2013
41, Kocaeli,7408,22127,29535,2013
42, Konya,7205,45811,53016,2013
43, Kütahya,2472,9369,11841,2013
44, Malatya,2188,12153,14341,2013
45, Manisa,5972,27520,33492,2013
46, Kahramanmaraş,3032,17799,20831,2013
47, Mardin,999,7255,8254,2013
48, Muğla,8193,27404,35597,2013
49, Muş,292,3155,3447,2013
50, Nevşehir,1238,7714,8952,2013
51, Niğde,1096,6985,8081,2013
52, Ordu,2413,12021,14434,2013
53, Rize,1119,6364,7483,2013
54, Sakarya,4648,18392,23040,2013
55, Samsun,5217,19853,25070,2013
56, Siirt,153,2624,2777,2013
57, Sinop,999,3402,4401,2013
58, Sivas,1811,8860,10671,2013
59, Tekirdağ,5174,16629,21803,2013
60, Tokat,1979,9661,11640,2013
61, Trabzon,2891,14240,17131,2013
62, Tunceli,230,1328,1558,2013
63, Şanlıurfa,2219,22206,24425,2013
64, Uşak,2733,8210,10943,2013
65, Van,681,9465,10146,2013
66, Yozgat,1194,8086,9280,2013
67, Zonguldak,2610,8851,11461,2013
68, Aksaray,1506,7741,9247,2013
69, Bayburt,176,1354,1530,2013
70, Karaman,940,5203,6143,2013
71, Kırıkkale,881,4596,5477,2013
72, Batman,426,4606,5032,2013
73, Şırnak,276,4096,4372,2013
74, Bartın,877,3041,3918,2013
75, Ardahan,176,1560,1736,2013
76, Iğdır,375,2533,2908,2013
77, Yalova,1673,4776,6449,2013
78, Karabük,1088,3326,4414,2013
79, Kilis,326,2707,3033,2013
80, Osmaniye,1723,8000,9723,2013
81, Düzce,1428,6000,7428,2013
1, Adana,56124,201404,257528,2012
2, Adıyaman,7274,35855,43129,2012
3, Afyonkarahisar,13457,61438,74895,2012
4, Ağrı,2759,19802,22561,2012
5, Amasya,6620,28863,35483,2012
6, Ankara,281231,734843,1016074,2012
7, Antalya,104032,292582,396614,2012
8, Artvin,3768,19250,23018,2012
9, Aydın,32993,88392,121385,2012
10, Balıkesir,32420,106003,138423,2012
11, Bilecik,8301,31140,39441,2012
12, Bingöl,2420,15412,17832,2012
13, Bitlis,1771,14352,16123,2012
14, Bolu,13425,36407,49832,2012
15, Burdur,6317,25546,31863,2012
16, Bursa,157280,409238,566518,2012
17, Çanakkale,15459,49498,64957,2012
18, Çankırı,4824,17505,22329,2012
19, Çorum,11097,40452,51549,2012
20, Denizli,51255,115093,166348,2012
21, Diyarbakır,17086,97958,115044,2012
22, Edirne,16040,35089,51129,2012
23, Elazığ,8556,48044,56600,2012
24, Erzincan,4349,20897,25246,2012
25, Erzurum,10184,58861,69045,2012
26, Eskişehir,38671,112260,150931,2012
27, Gaziantep,31557,200532,232089,2012
28, Giresun,12205,32384,44589,2012
29, Gümüşhane,2130,11235,13365,2012
30, Hakkari,1488,9345,10833,2012
31, Hatay,23098,107531,130629,2012
32, Isparta,11709,35959,47668,2012
33, Mersin,44793,155683,200476,2012
34, İstanbul,1042334,2496526,3538860,2012
35, İzmir,226694,533035,759729,2012
36, Kars,3569,15753,19322,2012
37, Kastamonu,8579,31034,39613,2012
38, Kayseri,33119,156555,189674,2012
39, Kırklareli,15431,37790,53221,2012
40, Kırşehir,3887,18305,22192,2012
41, Kocaeli,85080,313520,398600,2012
42, Konya,39463,208717,248180,2012
43, Kütahya,13755,65344,79099,2012
44, Malatya,15435,68215,83650,2012
45, Manisa,47028,147164,194192,2012
46, Kahramanmaraş,15674,101319,116993,2012
47, Mardin,4989,46120,51109,2012
48, Muğla,33099,107484,140583,2012
49, Muş,2545,16407,18952,2012
50, Nevşehir,6867,27142,34009,2012
51, Niğde,5658,25823,31481,2012
52, Ordu,19347,48591,67938,2012
53, Rize,8663,33210,41873,2012
54, Sakarya,32113,106134,138247,2012
55, Samsun,33713,103496,137209,2012
56, Siirt,1749,16860,18609,2012
57, Sinop,5988,17102,23090,2012
58, Sivas,9716,53135,62851,2012
59, Tekirdağ,60348,151594,211942,2012
60, Tokat,9357,37537,46894,2012
61, Trabzon,24126,80000,104126,2012
62, Tunceli,1803,5317,7120,2012
63, Şanlıurfa,12382,97229,109611,2012
64, Uşak,13222,38151,51373,2012
65, Van,6697,59369,66066,2012
66, Yozgat,4936,29178,34114,2012
67, Zonguldak,14545,66147,80692,2012
68, Aksaray,5834,31564,37398,2012
69, Bayburt,1125,6051,7176,2012
70, Karaman,10942,25597,36539,2012
71, Kırıkkale,4088,23262,27350,2012
72, Batman,5246,36904,42150,2012
73, Şırnak,2324,23435,25759,2012
74, Bartın,6246,18226,24472,2012
75, Ardahan,1567,5988,7555,2012
76, Iğdır,2154,10943,13097,2012
77, Yalova,9045,28000,37045,2012
78, Karabük,6387,26251,32638,2012
79, Kilis,1674,8439,10113,2012
80, Osmaniye,9089,39919,49008,2012
81, Düzce,19454,45106,64560,2012
1, Adana,0,0,33351,2011
2, Adıyaman,0,0,4738,2011
3, Afyonkarahisar,0,0,10448,2011
4, Ağrı,0,0,1783,2011
5, Amasya,0,0,4841,2011
6, Ankara,0,0,113342,2011
7, Antalya,0,0,54230,2011
8, Artvin,0,0,2880,2011
9, Aydın,0,0,21765,2011
10, Balıkesir,0,0,23621,2011
11, Bilecik,0,0,3990,2011
12, Bingöl,0,0,1396,2011
13, Bitlis,0,0,2110,2011
14, Bolu,0,0,6042,2011
15, Burdur,0,0,5109,2011
16, Bursa,0,0,58631,2011
17, Çanakkale,0,0,11499,2011
18, Çankırı,0,0,2611,2011
19, Çorum,0,0,7515,2011
20, Denizli,0,0,20859,2011
21, Diyarbakır,0,0,10680,2011
22, Edirne,0,0,8316,2011
23, Elazığ,0,0,5904,2011
24, Erzincan,0,0,2841,2011
25, Erzurum,0,0,7804,2011
26, Eskişehir,0,0,17021,2011
27, Gaziantep,0,0,24866,2011
28, Giresun,0,0,6695,2011
29, Gümüşhane,0,0,1730,2011
30, Hakkari,0,0,939,2011
31, Hatay,0,0,17519,2011
32, Isparta,0,0,7259,2011
33, Mersin,0,0,29220,2011
34, İstanbul,0,0,414656,2011
35, İzmir,0,0,102515,2011
36, Kars,0,0,2263,2011
37, Kastamonu,0,0,5924,2011
38, Kayseri,0,0,23453,2011
39, Kırklareli,0,0,6972,2011
40, Kırşehir,0,0,3109,2011
41, Kocaeli,0,0,34224,2011
42, Konya,0,0,35137,2011
43, Kütahya,0,0,9241,2011
44, Malatya,0,0,9076,2011
45, Manisa,0,0,22975,2011
46, Kahramanmaraş,0,0,10455,2011
47, Mardin,0,0,3537,2011
48, Muğla,0,0,27627,2011
49, Muş,0,0,1508,2011
50, Nevşehir,0,0,4894,2011
51, Niğde,0,0,4347,2011
52, Ordu,0,0,10457,2011
53, Rize,0,0,5397,2011
54, Sakarya,0,0,16798,2011
55, Samsun,0,0,19615,2011
56, Siirt,0,0,1598,2011
57, Sinop,0,0,3389,2011
58, Sivas,0,0,7555,2011
59, Tekirdağ,0,0,17949,2011
60, Tokat,0,0,6656,2011
61, Trabzon,0,0,14334,2011
62, Tunceli,0,0,884,2011
63, Şanlıurfa,0,0,8143,2011
64, Uşak,0,0,7202,2011
65, Van,0,0,4026,2011
66, Yozgat,0,0,4882,2011
67, Zonguldak,0,0,10057,2011
68, Aksaray,0,0,4854,2011
69, Bayburt,0,0,906,2011
70, Karaman,0,0,3398,2011
71, Kırıkkale,0,0,3724,2011
72, Batman,0,0,2884,2011
73, Şırnak,0,0,1438,2011
74, Bartın,0,0,3065,2011
75, Ardahan,0,0,926,2011
76, Iğdır,0,0,1328,2011
77, Yalova,0,0,5042,2011
78, Karabük,0,0,4419,2011
79, Kilis,0,0,1035,2011
80, Osmaniye,0,0,5014,2011
81, Düzce,0,0,5436,2011
1, Adana,0,0,29400,2010
2, Adıyaman,0,0,4052,2010
3, Afyonkarahisar,0,0,9730,2010
4, Ağrı,0,0,1559,2010
5, Amasya,0,0,4507,2010
6, Ankara,0,0,106037,2010
7, Antalya,0,0,48886,2010
8, Artvin,0,0,2620,2010
9, Aydın,0,0,20076,2010
10, Balıkesir,0,0,21708,2010
11, Bilecik,0,0,3687,2010
12, Bingöl,0,0,1289,2010
13, Bitlis,0,0,1982,2010
14, Bolu,0,0,5554,2010
15, Burdur,0,0,4704,2010
16, Bursa,0,0,53636,2010
17, Çanakkale,0,0,10429,2010
18, Çankırı,0,0,2538,2010
19, Çorum,0,0,7520,2010
20, Denizli,0,0,19105,2010
21, Diyarbakır,0,0,9811,2010
22, Edirne,0,0,7788,2010
23, Elazığ,0,0,5534,2010
24, Erzincan,0,0,2595,2010
25, Erzurum,0,0,7472,2010
26, Eskişehir,0,0,15553,2010
27, Gaziantep,0,0,22044,2010
28, Giresun,0,0,6236,2010
29, Gümüşhane,0,0,1610,2010
30, Hakkari,0,0,1079,2010
31, Hatay,0,0,15498,2010
32, Isparta,0,0,6801,2010
33, Mersin,0,0,26105,2010
34, İstanbul,0,0,384802,2010
35, İzmir,0,0,94785,2010
36, Kars,0,0,2041,2010
37, Kastamonu,0,0,5664,2010
38, Kayseri,0,0,21789,2010
39, Kırklareli,0,0,6386,2010
40, Kırşehir,0,0,3003,2010
41, Kocaeli,0,0,31554,2010
42, Konya,0,0,31665,2010
43, Kütahya,0,0,8515,2010
44, Malatya,0,0,8398,2010
45, Manisa,0,0,21289,2010
46, Kahramanmaraş,0,0,9481,2010
47, Mardin,0,0,3023,2010
48, Muğla,0,0,25674,2010
49, Muş,0,0,1391,2010
50, Nevşehir,0,0,4486,2010
51, Niğde,0,0,3917,2010
52, Ordu,0,0,10050,2010
53, Rize,0,0,5005,2010
54, Sakarya,0,0,15254,2010
55, Samsun,0,0,17972,2010
56, Siirt,0,0,1621,2010
57, Sinop,0,0,3266,2010
58, Sivas,0,0,7292,2010
59, Tekirdağ,0,0,16360,2010
60, Tokat,0,0,6348,2010
61, Trabzon,0,0,13729,2010
62, Tunceli,0,0,836,2010
63, Şanlıurfa,0,0,7079,2010
64, Uşak,0,0,6925,2010
65, Van,0,0,4763,2010
66, Yozgat,0,0,4622,2010
67, Zonguldak,0,0,9434,2010
68, Aksaray,0,0,4380,2010
69, Bayburt,0,0,890,2010
70, Karaman,0,0,3289,2010
71, Kırıkkale,0,0,3538,2010
72, Batman,0,0,2641,2010
73, Şırnak,0,0,1226,2010
74, Bartın,0,0,2775,2010
75, Ardahan,0,0,891,2010
76, Iğdır,0,0,1204,2010
77, Yalova,0,0,4670,2010
78, Karabük,0,0,4260,2010
79, Kilis,0,0,974,2010
80, Osmaniye,0,0,4489,2010
81, Düzce,0,0,4958,2010
1, Adana,0,0,26589,2009
2, Adıyaman,0,0,3429,2009
3, Afyonkarahisar,0,0,8769,2009
4, Ağrı,0,0,1376,2009
5, Amasya,0,0,4114,2009
6, Ankara,0,0,100192,2009
7, Antalya,0,0,44332,2009
8, Artvin,0,0,2386,2009
9, Aydın,0,0,18911,2009
10, Balıkesir,0,0,20052,2009
11, Bilecik,0,0,3370,2009
12, Bingöl,0,0,1062,2009
13, Bitlis,0,0,1640,2009
14, Bolu,0,0,5156,2009
15, Burdur,0,0,4287,2009
16, Bursa,0,0,49184,2009
17, Çanakkale,0,0,9631,2009
18, Çankırı,0,0,2420,2009
19, Çorum,0,0,6895,2009
20, Denizli,0,0,17781,2009
21, Diyarbakır,0,0,9030,2009
22, Edirne,0,0,7217,2009
23, Elazığ,0,0,4958,2009
24, Erzincan,0,0,2315,2009
25, Erzurum,0,0,6893,2009
26, Eskişehir,0,0,14284,2009
27, Gaziantep,0,0,19389,2009
28, Giresun,0,0,5607,2009
29, Gümüşhane,0,0,1405,2009
30, Hakkari,0,0,892,2009
31, Hatay,0,0,14092,2009
32, Isparta,0,0,6244,2009
33, Mersin,0,0,23483,2009
34, İstanbul,0,0,355623,2009
35, İzmir,0,0,87624,2009
36, Kars,0,0,1825,2009
37, Kastamonu,0,0,5076,2009
38, Kayseri,0,0,19286,2009
39, Kırklareli,0,0,5848,2009
40, Kırşehir,0,0,2619,2009
41, Kocaeli,0,0,28853,2009
42, Konya,0,0,28554,2009
43, Kütahya,0,0,7873,2009
44, Malatya,0,0,7769,2009
45, Manisa,0,0,19233,2009
46, Kahramanmaraş,0,0,8551,2009
47, Mardin,0,0,2650,2009
48, Muğla,0,0,23533,2009
49, Muş,0,0,1209,2009
50, Nevşehir,0,0,3981,2009
51, Niğde,0,0,3439,2009
52, Ordu,0,0,9350,2009
53, Rize,0,0,4656,2009
54, Sakarya,0,0,13761,2009
55, Samsun,0,0,16434,2009
56, Siirt,0,0,1435,2009
57, Sinop,0,0,2977,2009
58, Sivas,0,0,6597,2009
59, Tekirdağ,0,0,14979,2009
60, Tokat,0,0,5945,2009
61, Trabzon,0,0,12863,2009
62, Tunceli,0,0,718,2009
63, Şanlıurfa,0,0,6063,2009
64, Uşak,0,0,6134,2009
65, Van,0,0,4220,2009
66, Yozgat,0,0,4133,2009
67, Zonguldak,0,0,8736,2009
68, Aksaray,0,0,3902,2009
69, Bayburt,0,0,818,2009
70, Karaman,0,0,2923,2009
71, Kırıkkale,0,0,3305,2009
72, Batman,0,0,2299,2009
73, Şırnak,0,0,1083,2009
74, Bartın,0,0,2489,2009
75, Ardahan,0,0,761,2009
76, Iğdır,0,0,999,2009
77, Yalova,0,0,4288,2009
78, Karabük,0,0,4074,2009
79, Kilis,0,0,850,2009
80, Osmaniye,0,0,4239,2009
81, Düzce,0,0,4346,2009
1, Adana,0,0,25181,2008
2, Adıyaman,0,0,3092,2008
3, Afyonkarahisar,0,0,8417,2008
4, Ağrı,0,0,1207,2008
5, Amasya,0,0,3939,2008
6, Ankara,0,0,98028,2008
7, Antalya,0,0,41979,2008
8, Artvin,0,0,2195,2008
9, Aydın,0,0,18389,2008
10, Balıkesir,0,0,19613,2008
11, Bilecik,0,0,3217,2008
12, Bingöl,0,0,995,2008
13, Bitlis,0,0,1416,2008
14, Bolu,0,0,4882,2008
15, Burdur,0,0,4073,2008
16, Bursa,0,0,48249,2008
17, Çanakkale,0,0,9282,2008
18, Çankırı,0,0,2299,2008
19, Çorum,0,0,6504,2008
20, Denizli,0,0,17466,2008
21, Diyarbakır,0,0,8359,2008
22, Edirne,0,0,7012,2008
23, Elazığ,0,0,4463,2008
24, Erzincan,0,0,2108,2008
25, Erzurum,0,0,6425,2008
26, Eskişehir,0,0,13636,2008
27, Gaziantep,0,0,17254,2008
28, Giresun,0,0,5292,2008
29, Gümüşhane,0,0,1258,2008
30, Hakkari,0,0,639,2008
31, Hatay,0,0,13044,2008
32, Isparta,0,0,5791,2008
33, Mersin,0,0,22152,2008
34, İstanbul,0,0,348706,2008
35, İzmir,0,0,86159,2008
36, Kars,0,0,1665,2008
37, Kastamonu,0,0,4803,2008
38, Kayseri,0,0,18021,2008
39, Kırklareli,0,0,5525,2008
40, Kırşehir,0,0,2535,2008
41, Kocaeli,0,0,27867,2008
42, Konya,0,0,26511,2008
43, Kütahya,0,0,7547,2008
44, Malatya,0,0,7321,2008
45, Manisa,0,0,18509,2008
46, Kahramanmaraş,0,0,7824,2008
47, Mardin,0,0,2222,2008
48, Muğla,0,0,22896,2008
49, Muş,0,0,1078,2008
50, Nevşehir,0,0,3572,2008
51, Niğde,0,0,3187,2008
52, Ordu,0,0,9092,2008
53, Rize,0,0,4411,2008
54, Sakarya,0,0,13136,2008
55, Samsun,0,0,15440,2008
56, Siirt,0,0,1304,2008
57, Sinop,0,0,2739,2008
58, Sivas,0,0,6301,2008
59, Tekirdağ,0,0,14351,2008
60, Tokat,0,0,5499,2008
61, Trabzon,0,0,12485,2008
62, Tunceli,0,0,646,2008
63, Şanlıurfa,0,0,5304,2008
64, Uşak,0,0,5764,2008
65, Van,0,0,3862,2008
66, Yozgat,0,0,3805,2008
67, Zonguldak,0,0,8421,2008
68, Aksaray,0,0,3627,2008
69, Bayburt,0,0,780,2008
70, Karaman,0,0,2680,2008
71, Kırıkkale,0,0,3167,2008
72, Batman,0,0,2134,2008
73, Şırnak,0,0,996,2008
74, Bartın,0,0,2208,2008
75, Ardahan,0,0,669,2008
76, Iğdır,0,0,841,2008
77, Yalova,0,0,4078,2008
78, Karabük,0,0,3819,2008
79, Kilis,0,0,721,2008
80, Osmaniye,0,0,3548,2008
81, Düzce,0,0,4616,2008
1, Adana,0,0,23924,2007
2, Adıyaman,0,0,2839,2007
3, Afyonkarahisar,0,0,8357,2007
4, Ağrı,0,0,1067,2007
5, Amasya,0,0,3811,2007
6, Ankara,0,0,95206,2007
7, Antalya,0,0,39685,2007
8, Artvin,0,0,2051,2007
9, Aydın,0,0,18005,2007
10, Balıkesir,0,0,18956,2007
11, Bilecik,0,0,3149,2007
12, Bingöl,0,0,848,2007
13, Bitlis,0,0,1137,2007
14, Bolu,0,0,4701,2007
15, Burdur,0,0,4002,2007
16, Bursa,0,0,46861,2007
17, Çanakkale,0,0,8813,2007
18, Çankırı,0,0,2160,2007
19, Çorum,0,0,6199,2007
20, Denizli,0,0,17134,2007
21, Diyarbakır,0,0,7885,2007
22, Edirne,0,0,6699,2007
23, Elazığ,0,0,4171,2007
24, Erzincan,0,0,1999,2007
25, Erzurum,0,0,6322,2007
26, Eskişehir,0,0,13418,2007
27, Gaziantep,0,0,15638,2007
28, Giresun,0,0,5168,2007
29, Gümüşhane,0,0,1209,2007
30, Hakkari,0,0,600,2007
31, Hatay,0,0,12182,2007
32, Isparta,0,0,5588,2007
33, Mersin,0,0,20515,2007
34, İstanbul,0,0,329113,2007
35, İzmir,0,0,83885,2007
36, Kars,0,0,1564,2007
37, Kastamonu,0,0,4524,2007
38, Kayseri,0,0,17047,2007
39, Kırklareli,0,0,5349,2007
40, Kırşehir,0,0,2442,2007
41, Kocaeli,0,0,25654,2007
42, Konya,0,0,24989,2007
43, Kütahya,0,0,7448,2007
44, Malatya,0,0,7114,2007
45, Manisa,0,0,18079,2007
46, Kahramanmaraş,0,0,7331,2007
47, Mardin,0,0,1979,2007
48, Muğla,0,0,21808,2007
49, Muş,0,0,910,2007
50, Nevşehir,0,0,3499,2007
51, Niğde,0,0,3060,2007
52, Ordu,0,0,9024,2007
53, Rize,0,0,4253,2007
54, Sakarya,0,0,12779,2007
55, Samsun,0,0,14853,2007
56, Siirt,0,0,1211,2007
57, Sinop,0,0,2634,2007
58, Sivas,0,0,6192,2007
59, Tekirdağ,0,0,13371,2007
60, Tokat,0,0,5347,2007
61, Trabzon,0,0,12225,2007
62, Tunceli,0,0,607,2007
63, Şanlıurfa,0,0,5020,2007
64, Uşak,0,0,5740,2007
65, Van,0,0,3382,2007
66, Yozgat,0,0,3752,2007
67, Zonguldak,0,0,8288,2007
68, Aksaray,0,0,3388,2007
69, Bayburt,0,0,733,2007
70, Karaman,0,0,2488,2007
71, Kırıkkale,0,0,2972,2007
72, Batman,0,0,1903,2007
73, Şırnak,0,0,892,2007
74, Bartın,0,0,2144,2007
75, Ardahan,0,0,619,2007
76, Iğdır,0,0,790,2007
77, Yalova,0,0,3702,2007
78, Karabük,0,0,3759,2007
79, Kilis,0,0,691,2007
80, Osmaniye,0,0,3304,2007
81, Düzce,0,0,4481,2007
1, Adana,0,0,22087,2006
2, Adıyaman,0,0,2661,2006
3, Afyonkarahisar,0,0,8033,2006
4, Ağrı,0,0,1070,2006
5, Amasya,0,0,3587,2006
6, Ankara,0,0,87519,2006
7, Antalya,0,0,38063,2006
8, Artvin,0,0,1982,2006
9, Aydın,0,0,17349,2006
10, Balıkesir,0,0,17617,2006
11, Bilecik,0,0,3025,2006
12, Bingöl,0,0,985,2006
13, Bitlis,0,0,1191,2006
14, Bolu,0,0,4423,2006
15, Burdur,0,0,3757,2006
16, Bursa,0,0,43525,2006
17, Çanakkale,0,0,8107,2006
18, Çankırı,0,0,2073,2006
19, Çorum,0,0,5849,2006
20, Denizli,0,0,16094,2006
21, Diyarbakır,0,0,7363,2006
22, Edirne,0,0,6000,2006
23, Elazığ,0,0,3872,2006
24, Erzincan,0,0,2040,2006
25, Erzurum,0,0,6068,2006
26, Eskişehir,0,0,12662,2006
27, Gaziantep,0,0,14085,2006
28, Giresun,0,0,4880,2006
29, Gümüşhane,0,0,1289,2006
30, Hakkari,0,0,578,2006
31, Hatay,0,0,11144,2006
32, Isparta,0,0,5005,2006
33, Mersin,0,0,18418,2006
34, İstanbul,0,0,298878,2006
35, İzmir,0,0,79154,2006
36, Kars,0,0,1619,2006
37, Kastamonu,0,0,4253,2006
38, Kayseri,0,0,15713,2006
39, Kırklareli,0,0,4995,2006
40, Kırşehir,0,0,2466,2006
41, Kocaeli,0,0,22795,2006
42, Konya,0,0,22769,2006
43, Kütahya,0,0,7438,2006
44, Malatya,0,0,7072,2006
45, Manisa,0,0,16702,2006
46, Kahramanmaraş,0,0,6661,2006
47, Mardin,0,0,1792,2006
48, Muğla,0,0,22366,2006
49, Muş,0,0,853,2006
50, Nevşehir,0,0,3492,2006
51, Niğde,0,0,2961,2006
52, Ordu,0,0,8124,2006
53, Rize,0,0,3986,2006
54, Sakarya,0,0,11598,2006
55, Samsun,0,0,13830,2006
56, Siirt,0,0,1209,2006
57, Sinop,0,0,2633,2006
58, Sivas,0,0,6189,2006
59, Tekirdağ,0,0,11880,2006
60, Tokat,0,0,5124,2006
61, Trabzon,0,0,11893,2006
62, Tunceli,0,0,673,2006
63, Şanlıurfa,0,0,4710,2006
64, Uşak,0,0,5669,2006
65, Van,0,0,3261,2006
66, Yozgat,0,0,3633,2006
67, Zonguldak,0,0,7953,2006
68, Aksaray,0,0,3267,2006
69, Bayburt,0,0,784,2006
70, Karaman,0,0,2266,2006
71, Kırıkkale,0,0,2772,2006
72, Batman,0,0,1653,2006
73, Şırnak,0,0,821,2006
74, Bartın,0,0,2060,2006
75, Ardahan,0,0,609,2006
76, Iğdır,0,0,797,2006
77, Yalova,0,0,3381,2006
78, Karabük,0,0,3361,2006
79, Kilis,0,0,583,2006
80, Osmaniye,0,0,3026,2006
81, Düzce,0,0,4203,2006
