il kodu,il,Vergi-Turu,2001,2002,2003,2004,2005,2006,2007,2008,2009,2010,2011,2012,2013,2014,2015,2016,2017,2018,2019,2020,2021,2022,2023,2024
1,ADANA,GELİRVERGİSİ,39400,38671,38472,40285,40357,40843,40537,40680,40657,41385,42131,43395,44483,44308,44276,44116,45537,46383,48252,51934,55456,59829,63509,67074
2,ADIYAMAN,GELİRVERGİSİ,7037,6557,6643,6759,6691,6598,6175,5970,5796,5792,5829,5935,6068,5937,6010,6317,6635,7057,7352,8244,8975,9715,10107,11143
3,AFYON,GELİRVERGİSİ,13306,12956,12865,13267,13098,12630,12604,12358,12200,11972,11795,12026,12312,12171,12314,12523,12999,13537,13958,14585,15358,16196,17411,18601
4,AĞRI,GELİRVERGİSİ,4038,3821,4040,4203,4420,4556,4444,4168,4044,4029,3985,3990,3971,3961,4081,4169,4378,4583,4841,5076,5271,5484,5709,6090
5,AMASYA,GELİRVERGİSİ,6292,6146,6216,6282,6257,6263,6189,6196,6166,6187,6209,6380,6573,6351,6364,6383,6558,6655,6790,7134,7514,7967,8454,9015
6,ANKARA,GELİRVERGİSİ,109448,108357,108749,111726,111089,115343,116777,114926,115535,118138,119968,125542,129931,130539,133229,130557,134200,136089,138523,147095,160048,169299,179563,188080
7,ANTALYA,GELİRVERGİSİ,57900,57258,57527,60915,63265,64617,66100,67095,67001,68332,69095,71815,73948,76385,79344,78864,80751,83033,86775,93111,100710,109237,117429,123703
8,ARTVİN,GELİRVERGİSİ,4642,4500,4503,4577,4622,4519,4435,4234,4183,4117,4016,4034,4060,3899,3935,3979,4148,4325,4417,4581,4817,5171,5437,5633
9,AYDIN,GELİRVERGİSİ,21908,21971,22070,22511,23169,23694,24092,24052,23730,23342,23186,23837,24260,23488,23974,24301,25253,25883,26513,27912,29712,31621,33436,35612
10,BALIKESİR,GELİRVERGİSİ,38149,37013,36544,34242,31091,29432,28850,27980,27306,27188,27315,27766,27932,27298,27532,27913,28846,29853,30098,31326,32989,34667,36531,39019
11,BİLECİK,GELİRVERGİSİ,4833,4674,4735,4993,5015,4707,4683,4447,4402,4359,4307,4392,4446,4356,4370,4328,4491,4607,4676,4829,4964,5195,5451,5696
12,BİNGÖL,GELİRVERGİSİ,2472,2004,2040,2053,1944,1877,1935,1894,1875,1883,1982,2077,2130,2205,2330,2478,2685,2892,2952,3058,3288,3316,3416,3660
13,BİTLİS,GELİRVERGİSİ,2953,2871,2893,3041,3084,2986,2944,2935,2995,2974,3030,3093,3135,3118,3139,3244,3299,3385,3416,3647,3913,4188,4574,5122
14,BOLU,GELİRVERGİSİ,8504,8262,8409,8152,7645,7335,7286,6993,6745,6618,6552,6673,6814,6692,6768,6728,6955,7123,7219,7328,7551,7943,8354,8813
15,BURDUR,GELİRVERGİSİ,6900,6883,7088,7317,7288,7241,7092,6950,6819,6689,6613,6726,6807,6603,6754,6831,7092,7320,7509,7823,8138,8513,8974,9331
16,BURSA,GELİRVERGİSİ,72165,69954,70006,70768,69155,70648,71740,71499,70250,71031,71298,73983,76044,77254,79237,79719,82760,85169,87498,93266,99377,104982,108118,112833
17,ÇANAKKALE,GELİRVERGİSİ,13712,13402,13274,13527,11944,12027,12147,12129,12217,12302,12330,12916,12924,12641,12883,13209,13815,14383,14776,15613,16634,17836,18987,20460
18,ÇANKIRI,GELİRVERGİSİ,3222,3271,3307,3204,2811,2709,2704,2604,2527,2549,2540,2566,2632,2542,2614,2626,2660,2717,2804,2917,3104,3378,3718,3976
19,ÇORUM,GELİRVERGİSİ,12060,11526,11546,11656,11713,11762,11903,11668,11422,11514,11263,11359,11385,10713,10762,10785,11004,11222,11302,11831,12319,12642,12974,13717
20,DENİZLİ,GELİRVERGİSİ,22063,21350,21684,21853,22022,22264,22540,22077,21861,21830,21987,22599,23632,23206,23328,23265,24063,24606,25183,26702,28415,30200,32369,34904
21,DİYARBAKIR,GELİRVERGİSİ,13917,13454,12845,13273,12206,12480,12851,12784,12952,13301,13424,13746,14107,13976,14159,13708,14133,14949,15589,17013,18416,20536,22382,24188
22,EDİRNE,GELİRVERGİSİ,11222,10095,10028,10213,9187,9362,9437,9308,9271,9270,9442,9650,9709,8814,8810,8930,9291,9568,9830,10216,10669,11241,12427,13281
23,ELAZIĞ,GELİRVERGİSİ,8997,8731,8927,9002,8912,8965,8887,8666,8520,8575,8602,8696,8722,8318,8377,8441,8719,9066,9234,9784,10520,11404,12204,13067
24,ERZİNCAN,GELİRVERGİSİ,3998,3744,3748,3805,3723,3697,3681,3592,3595,3777,3859,3961,4013,3866,3884,3943,4036,4139,4176,4304,4366,4613,4787,5100
25,ERZURUM,GELİRVERGİSİ,10976,10736,11032,11526,10750,10591,10420,10204,10002,9796,9768,9762,9829,9579,9560,9597,9778,10046,10145,10560,11075,11760,12368,13334
26,ESKİŞEHİR,GELİRVERGİSİ,19357,18662,18794,19636,19981,20260,20077,19694,19426,19522,19475,20075,20909,20835,21404,21693,22244,22830,23268,24380,25782,27216,28299,29840
27,GAZİANTEP,GELİRVERGİSİ,23632,24363,25861,29671,32330,34099,34959,36102,36098,36703,37307,37561,39840,40768,41000,40741,41771,41889,43199,46661,48807,51779,53948,57577
28,GİRESUN,GELİRVERGİSİ,8107,7584,7624,7675,6664,6678,6802,6724,6771,6981,6995,7148,7287,6947,6969,7125,7384,7775,7955,8317,8839,9387,10264,11093
29,GÜMÜŞHANE,GELİRVERGİSİ,1979,1964,1969,2005,2047,1953,1909,1829,1828,1817,1778,1862,1916,1907,1871,1877,1914,1956,2003,2061,2116,2227,2387,2477
30,HAKKARİ,GELİRVERGİSİ,1411,1388,1415,1467,1510,1623,1674,1675,1617,1612,1581,1638,1656,1671,1706,1795,1956,2077,2127,2263,2407,2524,2795,2895
31,HATAY,GELİRVERGİSİ,25840,24824,24811,24945,24211,24215,23657,23001,22454,22189,22731,23582,24578,24342,24620,24193,24648,26626,27763,29396,31271,33178,33470,35860
32,ISPARTA,GELİRVERGİSİ,8156,8041,8314,8645,8002,8077,8137,8057,8173,8291,8382,8594,8756,8625,8748,8798,9045,9297,9480,9926,10376,11001,11789,12491
33,İÇEL,GELİRVERGİSİ,36125,36062,35839,37695,38020,37060,37087,37114,36912,36887,37212,37954,38785,38213,38595,38764,40110,41405,42517,45459,47443,50079,52530,55764
34,İSTANBUL,GELİRVERGİSİ,492076,478374,477892,489166,419718,437048,448366,440960,435599,442019,450411,472510,480435,488814,497299,485150,498838,502353,511245,546368,594820,616911,632794,649759
35,İZMİR,GELİRVERGİSİ,117784,116452,115849,120455,119251,120488,120013,119005,117043,117825,118063,122050,123755,123467,125109,125212,129236,131904,134425,141481,150933,159524,167320,175120
36,KARS,GELİRVERGİSİ,3702,3701,3708,3987,3955,3801,3832,3579,3521,3328,3239,3266,3318,3168,3260,3253,3309,3361,3353,3502,3644,3870,4079,4508
37,KASTAMONU,GELİRVERGİSİ,10548,10076,9978,9291,9251,8999,9015,8578,8380,8271,8220,8268,8318,7856,7843,7883,8028,8231,8398,8657,9050,9851,10430,10817
38,KAYSERİ,GELİRVERGİSİ,21828,22156,23121,24036,24933,25112,25915,26120,26426,26818,27018,27831,28462,28960,29946,30705,31961,32636,33761,36332,38945,41651,43108,44805
39,KIRKLARELİ,GELİRVERGİSİ,11160,9587,9698,9770,9410,8932,8790,8636,8554,8523,8547,8735,8826,8397,8439,8436,8539,8824,8837,9276,9729,10158,10715,11343
40,KIRŞEHİR,GELİRVERGİSİ,4400,4496,4520,4362,4352,4298,4221,4058,4012,4007,3934,3981,3954,3466,3530,3763,3989,4103,4198,4392,4549,4817,5078,5405
41,KOCAELİ,GELİRVERGİSİ,35182,35070,35404,36433,38990,39735,40071,40390,40274,40516,40781,42292,43524,44176,44538,44622,46751,47868,48529,51501,55344,58547,60623,63976
42,KONYA,GELİRVERGİSİ,43439,42333,43648,45910,47050,48236,48447,47524,46758,46563,46535,47956,49417,50044,51578,52514,54339,55873,57486,60690,64035,67290,70026,73899
43,KÜTAHYA,GELİRVERGİSİ,12700,11528,11418,11240,10837,10829,10801,10465,10129,10129,10018,10139,10215,9757,9737,9823,10173,10502,10649,11206,11709,12509,13447,14443
44,MALATYA,GELİRVERGİSİ,12362,12180,12043,12577,12302,12083,12034,11829,11664,11753,11639,11684,11824,11575,11363,11434,11944,12286,12362,13247,14082,14925,14764,15870
45,MANİSA,GELİRVERGİSİ,30600,29069,28849,29416,29102,29141,29124,28722,28206,27781,27923,28957,29371,28706,28747,29053,30500,31418,32147,34007,35704,37594,39628,41785
46,KAHRAMANMARAŞ,GELİRVERGİSİ,13715,13738,13936,14503,14268,14448,14335,14300,13977,13769,13747,13970,14437,14392,14780,15397,16144,16942,17459,18574,19907,21462,22612,24773
47,MARDİN,GELİRVERGİSİ,18689,18289,17252,14398,13481,12187,11023,10338,9606,8878,8009,7691,7709,7616,7574,7364,7621,8375,8721,9515,10631,12133,13064,14331
48,MUĞLA,GELİRVERGİSİ,27474,27995,28314,29791,29648,29796,30491,30720,30921,31127,31082,32121,32830,32679,33475,33830,35667,37328,38913,40658,43386,46497,49844,53559
49,MUŞ,GELİRVERGİSİ,2514,2450,2483,2624,2742,2842,2881,2751,2809,2834,2881,3029,3104,3155,3241,3308,3343,3542,3594,3842,4116,4360,4500,4827
50,NEVŞEHİR,GELİRVERGİSİ,6949,7060,7208,7458,7277,7302,7207,6669,6509,6486,6505,6666,6747,6815,6926,7050,7230,7511,7822,8164,8617,9357,10147,10884
51,NİĞDE,GELİRVERGİSİ,5900,5887,6049,6220,6079,5959,5760,5603,5389,5308,5241,5337,5549,5589,5672,5921,6349,6718,7117,7719,8334,8955,9672,10263
52,ORDU,GELİRVERGİSİ,12176,11167,11104,11022,11021,11108,11281,11100,11101,11159,11098,11258,11470,10886,10878,11021,11486,12244,12495,13386,14317,15154,16200,17269
53,RİZE,GELİRVERGİSİ,7693,7559,7493,7427,7218,7196,7132,6925,6777,6751,6775,6874,6929,6756,6808,6940,7050,7148,7334,7501,7802,8148,8647,9186
54,SAKARYA,GELİRVERGİSİ,22407,21608,21599,21701,21184,19575,19442,19095,18800,18671,18572,19312,20065,19877,20239,20074,20765,21407,21796,22825,24439,26544,29037,31283
55,SAMSUN,GELİRVERGİSİ,22894,22810,23941,25318,24663,24574,24650,24054,23777,23979,24160,24660,25316,25062,25422,25796,26638,27480,27743,29277,31246,33365,35063,37495
56,SİİRT,GELİRVERGİSİ,2269,2148,2068,2077,1977,1873,1929,1891,1911,1925,1933,1984,2048,2045,2066,2175,2290,2380,2490,2619,2831,2932,3058,3286
57,SİNOP,GELİRVERGİSİ,4492,4171,4229,4294,4268,3993,3882,3680,3599,3608,3639,3688,3721,3678,3792,3864,4034,4215,4395,4564,4794,5072,5732,6011
58,SİVAS,GELİRVERGİSİ,10826,10724,10867,10715,10434,10338,10372,10131,9971,9713,9554,9688,9806,9590,9684,9833,10136,10457,10600,11038,11614,12224,12882,13578
59,TEKİRDAĞ,GELİRVERGİSİ,20413,19710,19890,20437,19668,19920,20251,20536,20666,20487,20920,22053,22898,22716,23360,23694,24568,25386,25593,27038,28669,30893,32788,35156
60,TOKAT,GELİRVERGİSİ,10252,9738,9796,10237,9759,9533,9463,9191,8944,8819,8915,9000,9120,8598,8538,8671,9036,9287,9529,10123,10646,11320,12048,12819
61,TRABZON,GELİRVERGİSİ,15625,15083,15221,15032,14678,14947,14894,14505,14274,14277,14265,14617,14749,14480,14431,14670,15080,15585,15895,16456,17250,18021,18891,19976
62,TUNCELİ,GELİRVERGİSİ,1254,1058,1077,1122,1087,1084,1083,1032,1033,1041,1069,1102,1114,1044,1030,1025,1066,1117,1141,1198,1260,1295,1357,1495
63,ŞANLIURFA,GELİRVERGİSİ,22969,23587,24360,24995,25074,24808,23978,23262,23250,23661,23971,24733,25367,25912,26250,26141,26491,27140,28178,30351,33238,37431,40992,43986
64,UŞAK,GELİRVERGİSİ,7678,7523,7699,7841,7847,7844,7755,7635,7477,7397,7407,7490,7666,7371,7384,7481,7718,8035,8084,8526,8891,9591,10144,10690
65,VAN,GELİRVERGİSİ,7973,8042,8390,7955,8923,9409,9586,10028,10040,9737,9412,9676,9952,10114,10093,10276,10581,11060,11291,12102,13016,13686,14478,15810
66,YOZGAT,GELİRVERGİSİ,8833,8622,8713,8863,9094,9240,9281,8498,8100,7983,7918,7972,7899,7488,7538,7531,7723,7915,8172,8606,9023,9767,10699,11406
67,ZONGULDAK,GELİRVERGİSİ,14830,14624,14444,13539,13050,12475,12319,12293,11742,11407,11094,11083,11012,10201,9890,9870,9973,10035,10203,10592,11230,11731,12185,12935
68,AKSARAY,GELİRVERGİSİ,5509,5528,5550,5923,6274,6455,6373,6330,6331,6442,6490,6616,6904,7190,7595,7608,8014,8342,8689,9286,10009,10890,11509,12225
69,BAYBURT,GELİRVERGİSİ,1287,1182,1143,1120,1142,1130,1050,1029,1015,1002,982,1003,991,965,950,952,995,1073,1144,1202,1268,1290,1311,1378
70,KARAMAN,GELİRVERGİSİ,4220,4045,4155,4390,3944,4002,4023,3964,3914,3934,4047,4211,4365,4358,4409,4431,4660,4929,4951,5256,5618,5857,6179,6753
71,KIRIKKALE,GELİRVERGİSİ,6321,6297,6163,5958,5335,5167,5073,4937,4863,4810,4711,4760,4832,4589,4616,4628,4776,4864,4914,5149,5477,5831,6185,6385
72,BATMAN,GELİRVERGİSİ,4861,4907,5534,5800,5479,4891,4713,4699,4542,4742,4577,4885,4863,5057,5245,5409,5661,5748,5853,6539,7132,7859,8351,9145
73,ŞIRNAK,GELİRVERGİSİ,15517,15449,15359,14682,14539,13853,12477,11946,11304,10374,8395,7434,6145,5651,5502,4930,4347,4467,4014,4109,4406,4847,5142,5369
74,BARTIN,GELİRVERGİSİ,4447,3934,3991,4108,4087,3923,3926,3794,3752,3718,3672,3676,3653,3461,3448,3448,3558,3712,3721,3883,4047,4231,4410,4646
75,ARDAHAN,GELİRVERGİSİ,1559,1423,1456,1420,1443,1396,1365,1285,1249,1255,1231,1239,1238,1150,1144,1174,1203,1239,1245,1318,1359,1385,1393,1410
76,IĞDIR,GELİRVERGİSİ,5537,5654,5363,4469,4228,3934,3774,3586,3443,3408,3179,3107,3031,2773,2599,2449,2423,2466,2461,2596,2653,2729,2855,3345
77,YALOVA,GELİRVERGİSİ,7816,7878,7645,7267,6213,6079,6088,6003,5918,6028,5993,6110,6275,6329,6552,6662,7015,7096,7242,7518,7984,8420,9037,9751
78,KARABÜK,GELİRVERGİSİ,6219,6099,5977,5981,5724,5615,5537,5412,5302,5159,5068,5133,5202,4974,5023,5068,5263,5413,5446,5560,5845,6149,6530,6846
79,KİLİS,GELİRVERGİSİ,2646,2560,2471,2434,2046,1995,1724,1634,1668,1670,1628,1706,1810,1908,1998,2011,2049,2132,2279,2342,2460,2582,2674,2955
80,OSMANİYE,GELİRVERGİSİ,6836,7109,7205,7747,7300,7265,7201,6970,7002,6913,7097,7455,7724,7754,7937,8070,8283,8579,8908,9613,10365,11330,12092,13101
81,DÜZCE,GELİRVERGİSİ,7551,7485,7631,8168,6931,6750,6663,6568,6416,6359,6202,6444,6502,6601,6755,6932,7127,7415,7586,8044,8512,9316,10243,10983
1,ADANA,KURUMLARVERGİSİ,12874,13081,13058,13136,12497,12331,12337,12526,12402,12647,12825,12630,12509,12516,13240,13904,14752,15465,16097,17478,18581,20410,22025,23122
2,ADIYAMAN,KURUMLARVERGİSİ,1199,1244,1299,1435,1495,1546,1606,1728,1751,1920,2027,2029,2062,2090,2101,2091,2133,2300,2338,2493,2758,3057,3385,3854
3,AFYON,KURUMLARVERGİSİ,2880,2960,3047,3248,2996,3105,3307,3410,3491,3623,3659,3689,3699,3698,3843,3884,4056,4274,4423,4673,5018,5483,5756,6072
4,AĞRI,KURUMLARVERGİSİ,761,791,836,906,968,1025,1031,1061,1122,1207,1301,1301,1302,1281,1359,1356,1432,1529,1558,1649,1778,1907,1992,2111
5,AMASYA,KURUMLARVERGİSİ,1014,1004,1022,1109,1098,1155,1257,1322,1355,1410,1452,1472,1502,1506,1528,1511,1525,1578,1641,1740,1827,1943,2069,2174
6,ANKARA,KURUMLARVERGİSİ,70027,72183,72825,74989,69945,70751,72390,72265,72358,73073,73754,73669,73681,74530,77924,80973,84815,88146,91572,97241,102586,108793,115714,120926
7,ANTALYA,KURUMLARVERGİSİ,19644,20710,21946,23790,25261,25487,27034,27959,27351,26638,27069,25793,26055,25418,26103,26862,27971,30086,32096,35099,38539,44117,48863,51076
8,ARTVİN,KURUMLARVERGİSİ,700,726,731,764,746,795,869,900,909,925,934,914,912,910,924,928,980,1054,1082,1159,1222,1306,1393,1430
9,AYDIN,KURUMLARVERGİSİ,4995,5097,5271,5474,5484,5901,6469,6778,6894,6843,6860,6759,6662,6631,6944,6968,7297,7557,7835,8373,8955,9755,10345,10800
10,BALIKESİR,KURUMLARVERGİSİ,4744,4790,4897,5436,4903,5003,5203,5292,5200,5313,5490,5356,5250,5171,5441,5578,5950,6377,6659,7288,7807,8525,9321,9873
11,BİLECİK,KURUMLARVERGİSİ,637,669,690,762,789,841,914,964,979,981,985,975,974,953,981,996,1022,1073,1120,1208,1280,1348,1391,1468
12,BİNGÖL,KURUMLARVERGİSİ,697,727,759,832,814,873,949,957,976,1034,1097,1148,1161,1208,1291,1364,1460,1525,1548,1642,1735,1812,1928,2057
13,BİTLİS,KURUMLARVERGİSİ,476,501,521,576,606,660,695,757,830,902,975,1023,1073,1057,1077,1092,1163,1236,1316,1429,1510,1676,1821,1971
14,BOLU,KURUMLARVERGİSİ,1614,1642,1686,1714,1511,1555,1648,1663,1718,1816,1843,1860,1864,1854,1886,1876,1948,1997,2136,2265,2350,2488,2613,2721
15,BURDUR,KURUMLARVERGİSİ,1017,1054,1108,1186,1267,1316,1418,1434,1476,1556,1577,1603,1642,1702,1719,1720,1798,1887,1979,2090,2183,2322,2396,2469
16,BURSA,KURUMLARVERGİSİ,18637,19189,19969,20624,19178,20086,21426,22090,22176,22971,23166,23509,23760,24022,25330,26942,28680,30990,32730,35245,38006,41337,44441,46234
17,ÇANAKKALE,KURUMLARVERGİSİ,2281,2351,2452,2549,2271,2329,2527,2672,2834,2937,3143,3093,3029,2975,3015,3133,3375,3637,3819,4112,4389,4727,5060,5351
18,ÇANKIRI,KURUMLARVERGİSİ,458,467,480,514,501,529,561,579,592,625,662,635,637,646,697,725,755,804,811,838,854,902,946,1016
19,ÇORUM,KURUMLARVERGİSİ,1758,1784,1855,1944,1788,1872,1998,2103,2104,2157,2203,2126,2137,2190,2311,2346,2495,2633,2770,3044,3229,3440,3706,3897
20,DENİZLİ,KURUMLARVERGİSİ,5720,5877,6052,6335,5565,5921,6368,6516,6627,6681,6835,6607,6599,6605,6808,7064,7516,7884,8269,8922,9520,10446,11196,11739
21,DİYARBAKIR,KURUMLARVERGİSİ,3871,4006,4109,4401,4259,4474,4761,5135,5485,6011,6386,6600,6894,7120,7525,7106,7304,7904,8250,9359,10560,11892,13190,14210
22,EDİRNE,KURUMLARVERGİSİ,2009,2039,2067,2186,2013,2043,2097,2153,2237,2256,2297,2299,2260,2175,2194,2270,2425,2511,2630,2823,2988,3238,3407,3608
23,ELAZIĞ,KURUMLARVERGİSİ,1671,1790,1880,1990,2059,2117,2323,2423,2565,2702,2817,2832,2930,2998,3081,3163,3242,3344,3428,3669,3865,4103,4354,4610
24,ERZİNCAN,KURUMLARVERGİSİ,444,467,508,569,619,648,725,747,765,820,865,882,891,904,950,992,1055,1115,1130,1238,1298,1364,1442,1496
25,ERZURUM,KURUMLARVERGİSİ,1811,1926,2070,2342,2456,2527,2685,2717,2767,2830,2900,2856,2784,2711,2788,2785,2903,3035,3087,3335,3410,3632,3845,4080
26,ESKİŞEHİR,KURUMLARVERGİSİ,4183,4488,4564,4710,4506,4613,4831,4962,5004,5143,5407,5429,5560,5637,6066,6328,6455,6760,7003,7463,7706,8114,8601,9033
27,GAZİANTEP,KURUMLARVERGİSİ,6958,7254,7604,8089,7909,8313,8737,9066,8381,8842,9209,9258,9685,10674,11704,12257,13336,14670,15854,17909,20124,22613,25005,26166
28,GİRESUN,KURUMLARVERGİSİ,1375,1404,1446,1547,1587,1616,1701,1731,1757,1841,1875,1847,1856,1822,1831,1823,1907,2033,2092,2245,2350,2460,2572,2628
29,GÜMÜŞHANE,KURUMLARVERGİSİ,219,231,243,279,334,350,407,424,444,473,474,465,464,487,484,510,530,562,598,628,659,649,650,643
30,HAKKARİ,KURUMLARVERGİSİ,406,429,455,485,518,553,600,605,652,698,704,750,736,760,792,803,871,936,959,1041,1108,1186,1274,1325
31,HATAY,KURUMLARVERGİSİ,5830,5969,6138,6365,5999,6164,6466,6786,6915,7094,7466,7660,7800,8079,8511,8708,8966,9932,10423,11027,11715,12803,13764,14766
32,ISPARTA,KURUMLARVERGİSİ,1723,1748,1825,1920,1902,1919,2052,2130,2188,2323,2384,2399,2452,2514,2645,2686,2830,2927,3048,3232,3440,3687,3884,4057
33,İÇEL,KURUMLARVERGİSİ,11418,11596,11662,11909,11433,11051,11143,11258,11196,11153,11466,11365,11599,11825,12534,13050,14170,15420,16502,18239,19251,21456,23547,24592
34,İSTANBUL,KURUMLARVERGİSİ,223968,233739,243032,253587,229040,234558,242930,239685,237823,241399,246562,245381,242448,250311,259186,269229,283936,302285,320576,347889,374576,402541,424707,435551
35,İZMİR,KURUMLARVERGİSİ,47903,49399,50579,52412,47135,47628,48899,49110,47789,47516,46022,45100,44531,43552,44190,45467,47493,50449,53110,57354,61061,65748,70092,73069
36,KARS,KURUMLARVERGİSİ,563,575,596,656,725,729,782,818,848,833,810,809,760,706,724,738,783,818,838,870,886,931,951,995
37,KASTAMONU,KURUMLARVERGİSİ,788,835,880,940,979,1023,1132,1191,1209,1291,1314,1342,1376,1386,1446,1463,1534,1654,1719,1859,1948,2071,2180,2260
38,KAYSERİ,KURUMLARVERGİSİ,5948,6165,6327,6643,6461,6784,7280,7439,7554,7897,8116,8215,8463,8963,9545,9987,10557,11248,11867,12898,13959,15194,16319,17194
39,KIRKLARELİ,KURUMLARVERGİSİ,1278,1249,1308,1375,1437,1526,1523,1561,1591,1665,1748,1741,1749,1795,1871,1852,1968,2085,2182,2352,2500,2711,2909,3070
40,KIRŞEHİR,KURUMLARVERGİSİ,776,807,844,908,929,938,967,962,915,933,951,947,907,908,951,970,1003,1042,1060,1130,1185,1274,1351,1411
41,KOCAELİ,KURUMLARVERGİSİ,9462,9876,10309,10856,11080,11983,12802,13391,13793,14084,14624,15043,15405,15791,15970,15621,16639,17442,18253,19686,21318,23217,25192,26920
42,KONYA,KURUMLARVERGİSİ,12370,12678,13132,13432,12752,13207,13893,14145,14169,14310,14371,14264,14375,14728,15282,15303,16122,17084,18003,19664,21275,23633,26068,27996
43,KÜTAHYA,KURUMLARVERGİSİ,2079,2132,2175,2187,2097,2150,2221,2243,2299,2346,2392,2390,2436,2345,2304,2300,2350,2476,2499,2592,2737,2930,3087,3208
44,MALATYA,KURUMLARVERGİSİ,2233,2341,2440,2621,2611,2717,2843,2941,3038,3251,3356,3346,3348,3306,3435,3540,3745,4016,4172,4471,4807,5056,5630,6152
45,MANİSA,KURUMLARVERGİSİ,4386,4448,4583,4741,4512,4829,5057,5262,5323,5326,5472,5489,5521,5591,5829,5974,6342,6709,7101,7663,8255,8920,9595,10213
46,KAHRAMANMARAŞ,KURUMLARVERGİSİ,1937,2025,2178,2338,2533,2806,3075,3246,3259,3351,3529,3554,3588,3716,4121,4400,4625,4899,5132,5609,6112,6808,7541,8198
47,MARDİN,KURUMLARVERGİSİ,1755,1802,1844,1932,1923,2060,2183,2348,2581,2825,3091,3389,3643,3848,3866,3909,4178,4542,4763,5401,6046,7057,7737,7869
48,MUĞLA,KURUMLARVERGİSİ,7502,7810,8116,8722,9200,9460,10005,10516,10681,10774,10714,10463,10256,9737,10002,9919,10286,11037,11719,12645,13765,15209,16542,17567
49,MUŞ,KURUMLARVERGİSİ,554,579,614,660,756,780,835,820,871,980,1011,1035,1109,1166,1220,1186,1211,1273,1278,1330,1407,1520,1618,1839
50,NEVŞEHİR,KURUMLARVERGİSİ,1292,1326,1388,1485,1544,1599,1678,1761,1778,1843,1920,1975,2037,2155,2331,2395,2483,2656,2911,3057,3283,3684,3944,4309
51,NİĞDE,KURUMLARVERGİSİ,789,830,839,883,915,987,1023,1087,1122,1187,1246,1252,1246,1248,1295,1352,1401,1491,1580,1712,1836,2003,2175,2294
52,ORDU,KURUMLARVERGİSİ,1969,1999,2041,2147,2067,2133,2331,2474,2568,2615,2656,2616,2553,2554,2603,2636,2737,2850,2931,3105,3274,3498,3763,3977
53,RİZE,KURUMLARVERGİSİ,1343,1369,1378,1407,1354,1466,1588,1652,1702,1757,1833,1860,1847,1836,1825,1822,1872,1949,2033,2066,2163,2325,2494,2605
54,SAKARYA,KURUMLARVERGİSİ,4325,4477,4617,4790,4944,5194,5344,5523,5554,5373,5330,5435,5553,5706,5965,5905,6223,6751,7072,7570,8152,9104,9941,10605
55,SAMSUN,KURUMLARVERGİSİ,4787,4868,4945,5032,4762,4830,5140,5190,5203,5335,5482,5447,5456,5519,5820,6060,6331,6692,6980,7452,7965,8642,9203,9706
56,SİİRT,KURUMLARVERGİSİ,357,374,401,442,374,429,466,497,518,565,599,624,677,723,774,796,887,960,981,1103,1219,1296,1422,1485
57,SİNOP,KURUMLARVERGİSİ,551,571,583,610,609,622,684,706,732,762,786,789,796,782,786,790,808,851,872,926,982,1044,1127,1194
58,SİVAS,KURUMLARVERGİSİ,1520,1599,1689,1864,1906,2069,2230,2351,2409,2539,2617,2646,2698,2691,2814,2909,3041,3204,3343,3521,3710,3986,4211,4384
59,TEKİRDAĞ,KURUMLARVERGİSİ,4158,4322,4569,4879,4836,5131,5399,5432,5643,5700,5949,6027,6150,6361,6675,6956,7391,7942,8376,9138,9954,10853,11748,12536
60,TOKAT,KURUMLARVERGİSİ,1549,1558,1616,1773,1744,1785,1891,1918,1898,1945,1958,1966,1952,1935,1991,2041,2129,2208,2235,2395,2585,2837,3003,3118
61,TRABZON,KURUMLARVERGİSİ,3186,3237,3312,3439,3134,3299,3638,3824,3944,4147,4251,4249,4222,4289,4516,4672,4912,5213,5415,5724,6039,6553,7024,7247
62,TUNCELİ,KURUMLARVERGİSİ,128,139,149,166,160,160,189,204,215,234,240,255,254,252,264,262,279,303,316,335,359,386,395,424
63,ŞANLIURFA,KURUMLARVERGİSİ,2430,2546,2688,2906,3146,3471,3684,3939,4332,4811,5271,5697,6138,6629,7086,7308,7396,7816,8120,8942,10152,11765,13040,13760
64,UŞAK,KURUMLARVERGİSİ,1500,1512,1556,1643,1631,1654,1618,1605,1617,1658,1685,1646,1692,1724,1778,1864,1974,2112,2243,2465,2605,2847,3003,3153
65,VAN,KURUMLARVERGİSİ,1894,1993,2116,2281,2389,2513,2704,2898,3000,3161,3185,3513,3782,3978,4144,4472,4752,4935,4984,5307,5632,5945,6532,6934
66,YOZGAT,KURUMLARVERGİSİ,1406,1426,1435,1502,1537,1511,1595,1661,1720,1771,1750,1730,1738,1715,1702,1685,1745,1846,1880,1991,2073,2218,2292,2355
67,ZONGULDAK,KURUMLARVERGİSİ,2046,2107,2189,2308,2243,2430,2564,2642,2708,2765,2804,2740,2673,2511,2407,2409,2507,2636,2734,2787,2903,3062,3232,3305
68,AKSARAY,KURUMLARVERGİSİ,1244,1272,1291,1384,1488,1592,1721,1785,1872,2008,2141,2069,2103,2160,2184,2167,2368,2558,2734,3053,3317,3688,4024,4302
69,BAYBURT,KURUMLARVERGİSİ,155,157,162,168,187,211,231,254,271,281,286,287,276,251,256,272,294,308,315,322,342,347,353,351
70,KARAMAN,KURUMLARVERGİSİ,892,884,904,942,918,956,1015,1042,1059,1104,1154,1169,1189,1282,1317,1314,1373,1469,1504,1623,1752,1875,1959,2046
71,KIRIKKALE,KURUMLARVERGİSİ,1209,1259,1291,1344,1289,1295,1323,1324,1320,1317,1314,1275,1250,1255,1243,1248,1269,1334,1392,1489,1524,1571,1619,1682
72,BATMAN,KURUMLARVERGİSİ,1296,1330,1385,1489,1601,1683,1771,1859,1979,2149,2148,2284,2237,2380,2730,2734,2883,3034,3101,3686,4073,4480,4745,5035
73,ŞIRNAK,KURUMLARVERGİSİ,1448,1458,1486,1563,1574,1660,1718,1823,1925,2079,2174,2265,2272,2283,2402,2430,2451,2604,2572,2746,3057,3449,3789,3790
74,BARTIN,KURUMLARVERGİSİ,487,492,528,549,578,580,632,654,666,680,677,658,665,642,663,627,631,659,687,727,763,814,840,892
75,ARDAHAN,KURUMLARVERGİSİ,189,168,170,170,164,157,175,183,192,206,214,215,221,217,238,235,261,281,280,300,311,325,335,339
76,IĞDIR,KURUMLARVERGİSİ,601,618,626,667,689,703,686,706,652,700,765,774,809,841,818,802,814,869,896,969,1014,1106,1161,1208
77,YALOVA,KURUMLARVERGİSİ,1283,1340,1384,1460,1411,1505,1623,1740,1773,1824,1869,1835,1842,1860,1920,1958,2129,2347,2564,2863,3076,3512,3818,4027
78,KARABÜK,KURUMLARVERGİSİ,909,940,968,1058,982,1019,1061,1082,1059,1092,1147,1153,1200,1198,1202,1166,1211,1246,1259,1305,1343,1394,1446,1501
79,KİLİS,KURUMLARVERGİSİ,187,191,197,222,220,234,255,276,298,318,344,370,396,432,474,512,599,778,814,891,966,986,1028,1119
80,OSMANİYE,KURUMLARVERGİSİ,1078,1102,1157,1316,1269,1382,1481,1577,1552,1620,1738,1769,1778,1805,1902,1912,1985,2071,2151,2290,2464,2683,2805,2934
81,DÜZCE,KURUMLARVERGİSİ,1795,1863,1928,2079,2054,2074,2149,2219,2261,2237,2244,2259,2187,2188,2210,2161,2217,2409,2554,2760,2992,3250,3458,3671
1,ADANA,KATMADEĞERVERGİSİ,66783,67711,48252,50357,50725,51245,51208,51744,51655,52618,53494,54454,55528,55296,56051,56912,59180,60726,63152,68188,72825,78870,84029,88190
2,ADIYAMAN,KATMADEĞERVERGİSİ,15147,14133,7016,7363,7475,7561,7613,7631,7491,7652,7808,7907,8064,7967,8059,8334,8676,9262,9598,10691,11688,12705,13433,14973
3,AFYON,KATMADEĞERVERGİSİ,24954,25071,14125,14850,14966,15315,15510,15645,15488,15362,15225,15441,15709,15540,15817,16121,16768,17501,18052,18989,20121,21414,22902,24278
4,AĞRI,KATMADEĞERVERGİSİ,8575,8407,4668,4916,5058,5286,5321,5175,5161,5231,5296,5311,5320,5288,5494,5571,5904,6162,6430,6753,7085,7410,7703,8163
5,AMASYA,KATMADEĞERVERGİSİ,12011,11938,6930,7148,7194,7232,7267,7343,7356,7412,7471,7651,7864,7622,7668,7673,7852,7984,8158,8601,9060,9608,10192,10758
6,ANKARA,KATMADEĞERVERGİSİ,187433,190763,169299,175600,171897,176992,181174,180245,181199,184183,186699,190628,195093,196827,203098,208150,215929,221342,226954,241404,259769,274742,292054,303420
7,ANTALYA,KATMADEĞERVERGİSİ,97512,98442,73703,79233,84302,86370,89757,91749,91244,91653,92798,93878,96300,97855,101426,102181,105250,109599,115081,124407,135434,149193,162067,169491
8,ARTVİN,KATMADEĞERVERGİSİ,7782,7763,5060,5134,5203,5224,5233,5179,5155,5090,4985,4973,4985,4846,4831,4867,5086,5328,5452,5701,6010,6424,6755,6955
9,AYDIN,KATMADEĞERVERGİSİ,45304,45588,25695,26543,27321,28432,29318,29565,29490,28902,28820,29322,29699,28833,29555,30052,31334,32199,33046,35019,37382,39982,42363,44547
10,BALIKESİR,KATMADEĞERVERGİSİ,53952,53962,31689,32609,32295,32393,32494,32065,31364,31490,31866,32004,32117,31362,31809,32342,33618,34988,35375,37238,39387,41653,44241,46714
11,BİLECİK,KATMADEĞERVERGİSİ,6873,6859,4925,5313,5423,5443,5495,5388,5368,5321,5258,5306,5361,5256,5283,5269,5467,5624,5738,5969,6173,6444,6756,7036
12,BİNGÖL,KATMADEĞERVERGİSİ,4936,4894,2648,2754,2694,2702,2843,2835,2836,2950,3127,3299,3391,3482,3704,3948,4250,4513,4555,4803,5134,5238,5468,5763
13,BİTLİS,KATMADEĞERVERGİSİ,6283,6251,3360,3548,3626,3659,3604,3722,3848,3914,4045,4148,4251,4224,4274,4398,4525,4676,4772,5129,5479,5907,6432,7107
14,BOLU,KATMADEĞERVERGİSİ,11151,11138,8746,8909,8686,8637,8725,8567,8390,8406,8409,8524,8666,8489,8589,8555,8833,9045,9246,9489,9792,10299,10822,11302
15,BURDUR,KATMADEĞERVERGİSİ,11934,11873,7258,7548,7870,8167,8282,8340,8297,8314,8284,8444,8544,8362,8474,8594,8937,9283,9521,9951,10336,10837,11357,11685
16,BURSA,KATMADEĞERVERGİSİ,101215,101932,81918,84710,84467,87090,89689,90385,89225,90725,91114,93927,96067,97235,100417,103921,108701,113677,117607,125877,134721,143268,149241,154953
17,ÇANAKKALE,KATMADEĞERVERGİSİ,22497,22581,12489,13214,13239,13757,14267,14545,14738,14942,15171,15531,15602,15312,15538,16067,16905,17720,18203,19289,20586,22113,23587,25057
18,ÇANKIRI,KATMADEĞERVERGİSİ,4755,4756,3080,3095,3099,3122,3168,3130,3092,3167,3217,3206,3270,3169,3271,3353,3388,3493,3598,3742,3942,4268,4631,4921
19,ÇORUM,KATMADEĞERVERGİSİ,20176,20065,12659,12883,12843,13092,13419,13397,13168,13275,13157,13140,13188,12524,12672,12793,13159,13540,13766,14575,15265,15766,16353,17150
20,DENİZLİ,KATMADEĞERVERGİSİ,41622,42029,25372,26607,26448,27294,27989,27931,27964,28070,28408,28808,29817,29311,29555,29908,31135,32041,32954,35125,37427,40041,42861,45443
21,DİYARBAKIR,KATMADEĞERVERGİSİ,29723,29862,16274,17176,16178,16711,17317,17738,18260,19139,19624,20199,20845,20932,21597,20819,21410,22751,23758,26291,28901,32303,35431,38174
22,EDİRNE,KATMADEĞERVERGİSİ,18728,18565,10501,10988,10887,11123,11298,11293,11357,11398,11622,11806,11852,10911,10839,11051,11548,11922,12285,12665,13308,14109,15481,16348
23,ELAZIĞ,KATMADEĞERVERGİSİ,16811,16856,10472,10660,10502,10629,10871,10857,10870,11042,11188,11270,11401,11053,11197,11407,11772,12202,12439,13323,14299,15392,16435,17514
24,ERZİNCAN,KATMADEĞERVERGİSİ,6825,6857,4040,4180,4192,4254,4311,4271,4309,4378,4482,4580,4622,4477,4529,4632,4753,4928,4946,5181,5314,5616,5832,6125
25,ERZURUM,KATMADEĞERVERGİSİ,20687,20567,12400,13199,13027,12979,12897,12688,12642,12487,12500,12469,12467,12129,12170,12275,12606,12980,13029,13698,14273,15186,15970,17066
26,ESKİŞEHİR,KATMADEĞERVERGİSİ,27427,27277,22342,23291,23518,24020,24137,23966,23741,23928,24171,24718,25701,25677,26625,27375,28092,28969,29669,31285,32958,34691,36217,37882
27,GAZİANTEP,KATMADEĞERVERGİSİ,49985,52146,32079,36490,39233,41449,42785,44308,43579,44522,45681,45995,48628,50578,51872,52351,54433,55991,58096,63604,67968,73324,77838,82427
28,GİRESUN,KATMADEĞERVERGİSİ,16479,16440,7831,8005,8025,8097,8241,8381,8471,8749,8746,8827,8972,8612,8610,8768,9095,9620,9851,10397,11026,11664,12631,13387
29,GÜMÜŞHANE,KATMADEĞERVERGİSİ,4332,4355,2215,2291,2347,2282,2269,2272,2284,2315,2358,2413,2476,2499,2435,2462,2517,2584,2654,2759,2871,2965,3119,3167
30,HAKKARİ,KATMADEĞERVERGİSİ,3242,3252,1735,1810,1907,2047,2136,2174,2214,2275,2284,2399,2407,2446,2522,2711,2959,3188,3246,3512,3661,3811,4119,4225
31,HATAY,KATMADEĞERVERGİSİ,47823,47020,28070,28962,28725,29154,29244,29105,28592,28386,29293,30280,31373,31821,32084,32114,32736,35189,36555,38721,41197,44080,45455,48879
32,ISPARTA,KATMADEĞERVERGİSİ,14458,14671,8989,9509,9531,9704,9895,10041,10224,10489,10686,10883,11096,10997,11206,11245,11633,12016,12358,13011,13692,14535,15504,16257
33,İÇEL,KATMADEĞERVERGİSİ,64356,65230,43911,46562,47175,46432,46751,47072,46899,46881,47591,48044,49100,48648,49718,50690,53125,55710,57925,62607,65633,70314,74945,78717
34,İSTANBUL,KATMADEĞERVERGİSİ,704427,702549,656707,680603,608218,633107,655398,648099,640509,650458,662811,682562,685579,702390,719120,734599,764125,786448,813016,875555,950836,998271,1035101,1057346
35,İZMİR,KATMADEĞERVERGİSİ,177844,180612,149658,158451,156956,159854,162054,161972,159180,160012,158933,161555,162502,161338,163587,167194,173159,178751,183924,195292,208471,221195,233058,241529
36,KARS,KATMADEĞERVERGİSİ,8185,8156,4190,4534,4559,4489,4566,4395,4372,4179,4055,4077,4107,3910,4025,4042,4155,4251,4261,4447,4638,4895,5116,5540
37,KASTAMONU,KATMADEĞERVERGİSİ,15358,15107,9372,9781,9914,9884,10076,9973,9791,9873,9905,9901,9972,9510,9518,9568,9724,10008,10223,10618,11077,11923,12470,12803
38,KAYSERİ,KATMADEĞERVERGİSİ,35030,35337,27903,29112,29868,30838,32095,32412,32635,33318,33778,34607,35468,36414,37947,39447,41294,42682,44139,47782,51441,55309,57828,60128
39,KIRKLARELİ,KATMADEĞERVERGİSİ,16125,15980,9557,9829,10020,10103,10084,10013,9981,9959,10080,10241,10324,9950,10022,10023,10229,10610,10754,11344,11962,12561,13284,13925
40,KIRŞEHİR,KATMADEĞERVERGİSİ,7659,7816,4841,5005,5033,5035,5056,4952,4898,4891,4840,4885,4812,4290,4367,4614,4882,5031,5136,5405,5624,5972,6295,6625
41,KOCAELİ,KATMADEĞERVERGİSİ,51994,53847,43346,45315,48431,50046,51347,52312,52668,53270,54096,55940,57407,58499,59029,59100,62243,64242,65387,69486,74923,79818,83662,88218
42,KONYA,KATMADEĞERVERGİSİ,73203,73975,55140,57632,57994,59841,61097,60499,59826,59836,59933,61137,62702,63513,65539,66672,69271,71760,74378,79298,84308,89826,94980,100402
43,KÜTAHYA,KATMADEĞERVERGİSİ,21391,21489,12569,12952,12736,12806,12838,12774,12504,12509,12415,12535,12642,12046,11994,12062,12462,12911,12955,13603,14235,15175,16244,17223
44,MALATYA,KATMADEĞERVERGİSİ,23841,23812,14303,15073,14835,14644,14667,14705,14586,14892,14877,14848,14981,14639,14550,14713,15421,16027,16235,17398,18607,19639,20027,21593
45,MANİSA,KATMADEĞERVERGİSİ,52155,52589,30371,31328,31418,32121,32717,32672,32319,31930,32378,33229,33776,33180,33422,33839,35624,36875,37558,40000,42265,44789,47442,49722
46,KAHRAMANMARAŞ,KATMADEĞERVERGİSİ,29018,29485,15320,16153,16068,16744,17041,17218,16873,16714,16921,17148,17593,17625,18354,19262,20244,21346,21832,23419,25284,27529,29417,32189
47,MARDİN,KATMADEĞERVERGİSİ,27503,26875,18853,16135,15324,14178,13184,12700,12176,11682,11068,11047,11342,11453,11411,11222,11765,12857,13402,14838,16581,19089,20625,21891
48,MUĞLA,KATMADEĞERVERGİSİ,47395,48521,32859,35562,36822,37600,39045,39945,40271,40546,40501,41133,41538,40735,41665,42117,44261,46672,48555,51152,54971,59422,63961,68324
49,MUŞ,KATMADEĞERVERGİSİ,5928,5786,3185,3387,3548,3709,3812,3678,3805,3947,4061,4237,4404,4523,4686,4675,4745,5014,5022,5304,5666,6015,6251,6741
50,NEVŞEHİR,KATMADEĞERVERGİSİ,11892,12227,7748,8136,8059,8311,8433,8253,8221,8267,8420,8670,8816,8974,9243,9470,9706,10136,10677,11155,11821,12932,13891,14895
51,NİĞDE,KATMADEĞERVERGİSİ,10358,10558,6393,6707,6787,6862,6769,6713,6503,6510,6501,6603,6805,6828,6939,7229,7705,8153,8620,9346,10077,10874,11755,12416
52,ORDU,KATMADEĞERVERGİSİ,24574,24465,12183,12428,12515,12716,13041,13255,13379,13370,13387,13503,13649,13044,13082,13262,13805,14591,14721,15751,16865,17886,19190,20199
53,RİZE,KATMADEĞERVERGİSİ,14146,14060,7771,8205,8257,8496,8512,8416,8384,8396,8498,8590,8582,8385,8400,8541,8694,8916,9151,9359,9774,10263,10929,11481
54,SAKARYA,KATMADEĞERVERGİSİ,37629,37484,22329,23219,23343,23581,23760,23807,23583,23341,23237,24021,24808,24723,25356,25249,26198,27366,28008,29595,31773,34754,37976,40513
55,SAMSUN,KATMADEĞERVERGİSİ,41625,41981,26176,27476,27502,27837,28266,28056,27880,28278,28622,29122,29800,29561,30243,31023,32116,33350,33877,35907,38435,41134,43320,45798
56,SİİRT,KATMADEĞERVERGİSİ,5191,5108,2506,2576,2360,2302,2393,2401,2443,2492,2532,2623,2749,2782,2857,2980,3199,3355,3495,3742,4078,4260,4506,4767
57,SİNOP,KATMADEĞERVERGİSİ,7907,7909,4472,4518,4484,4510,4470,4436,4394,4421,4479,4493,4575,4511,4604,4673,4865,5058,5225,5458,5755,6088,6809,7072
58,SİVAS,KATMADEĞERVERGİSİ,19013,19120,11655,11909,11599,11791,12070,12101,11977,11913,11856,11984,12172,11941,12149,12352,12806,13297,13560,14215,14990,15839,16672,17341
59,TEKİRDAĞ,KATMADEĞERVERGİSİ,31079,31568,21379,22455,22483,23690,24541,24691,25142,25108,25852,27021,27970,27937,28797,29732,31038,32458,33051,35245,37708,40779,43518,46300
60,TOKAT,KATMADEĞERVERGİSİ,19574,19256,10163,10968,10698,10823,10918,10806,10559,10491,10631,10677,10776,10189,10176,10341,10772,11129,11413,12197,12908,13767,14659,15416
61,TRABZON,KATMADEĞERVERGİSİ,29452,29121,17041,17083,16813,17300,17571,17538,17545,17730,17856,18171,18269,18006,18194,18564,19214,19980,20470,21371,22511,23745,25035,26116
62,TUNCELİ,KATMADEĞERVERGİSİ,2338,2383,1223,1272,1233,1245,1295,1241,1249,1262,1290,1336,1355,1270,1274,1269,1328,1401,1439,1520,1618,1678,1754,1900
63,ŞANLIURFA,KATMADEĞERVERGİSİ,40724,42455,26091,26976,27348,27647,27177,27117,27532,28476,29242,30443,31580,32800,33783,33804,34095,35034,36263,39309,43459,49285,54129,57766
64,UŞAK,KATMADEĞERVERGİSİ,13491,13821,8797,9216,9290,9357,9287,9219,9117,9114,9110,9193,9428,9152,9197,9400,9737,10157,10324,10961,11473,12393,13098,13710
65,VAN,KATMADEĞERVERGİSİ,18762,19633,10477,10423,11509,11988,12344,13042,13133,12994,12733,13380,13938,14304,14505,15134,15738,16296,16507,17787,19009,19872,21165,22782
66,YOZGAT,KATMADEĞERVERGİSİ,15074,15213,9075,9378,9615,9874,10075,9938,9869,9800,9678,9687,9670,9219,9228,9180,9404,9701,9996,10541,11074,11924,12897,13581
67,ZONGULDAK,KATMADEĞERVERGİSİ,24805,24948,14310,14642,14439,14463,14418,14469,13942,13754,13535,13433,13308,12346,11904,11920,12123,12298,12415,12828,13564,14197,14813,15469
68,AKSARAY,KATMADEĞERVERGİSİ,11524,11477,6660,7166,7667,8019,8151,8174,8295,8439,8576,8607,8926,9259,9693,9689,10275,10792,11305,12233,13222,14419,15354,16251
69,BAYBURT,KATMADEĞERVERGİSİ,2362,2348,1225,1232,1245,1237,1225,1235,1239,1256,1245,1256,1260,1210,1194,1211,1279,1353,1428,1495,1582,1607,1634,1683
70,KARAMAN,KATMADEĞERVERGİSİ,7976,8014,4325,4604,4665,4747,4872,4920,4865,4952,5125,5313,5486,5562,5638,5698,5989,6354,6417,6845,7332,7683,8087,8687
71,KIRIKKALE,KATMADEĞERVERGİSİ,9159,9412,6330,6466,6367,6293,6218,6143,6093,6035,5948,5932,5988,5747,5749,5784,5957,6105,6202,6552,6928,7323,7720,7929
72,BATMAN,KATMADEĞERVERGİSİ,10501,10588,6102,6331,6348,6213,6250,6355,6483,6855,6699,7156,7111,7441,7997,8193,8620,8876,9034,10310,11321,12476,13233,14262
73,ŞIRNAK,KATMADEĞERVERGİSİ,19773,19473,16747,16211,16081,15498,14201,13819,13277,12495,10631,9774,8484,8014,8029,7482,7665,7768,6867,7095,7597,8416,9033,9217
74,BARTIN,KATMADEĞERVERGİSİ,8291,8099,4202,4394,4377,4274,4337,4300,4274,4247,4193,4209,4232,4001,3977,3968,4055,4221,4248,4445,4670,4901,5098,5303
75,ARDAHAN,KATMADEĞERVERGİSİ,3392,3177,1665,1623,1624,1575,1557,1516,1481,1506,1480,1483,1492,1413,1408,1437,1477,1525,1523,1621,1675,1714,1726,1722
76,IĞDIR,KATMADEĞERVERGİSİ,8460,8559,5868,5062,4898,4643,4462,4352,4150,4165,4006,3941,3898,3660,3454,3299,3263,3367,3416,3790,3904,3870,4019,4548
77,YALOVA,KATMADEĞERVERGİSİ,9827,10193,7241,7336,6963,7059,7287,7486,7487,7660,7671,7762,7909,7971,8234,8429,8932,9231,9590,10171,10841,11676,12578,13372
78,KARABÜK,KATMADEĞERVERGİSİ,9437,9389,6530,6580,6273,6258,6312,6278,6200,6146,6142,6205,6298,6066,6083,6052,6280,6443,6477,6639,6978,7352,7765,8070
79,KİLİS,KATMADEĞERVERGİSİ,4598,4536,1914,1909,1930,1973,1911,1858,1924,1948,1944,2046,2204,2334,2474,2525,2697,2963,3073,3218,3402,3541,3665,4027
80,OSMANİYE,KATMADEĞERVERGİSİ,13639,14280,7578,8415,8078,8287,8473,8330,8326,8438,8753,9128,9400,9474,9730,9883,10164,10539,10948,11811,12745,13903,14770,15871
81,DÜZCE,KATMADEĞERVERGİSİ,15426,15553,8848,9590,8844,8715,8724,8722,8639,8508,8363,8592,8569,8668,8852,8990,9234,9700,10013,10692,11377,12422,13515,14441
1,ADANA,BASİTUSULDEVERGİLENDİRİLENGELİRVERGİSİ,21326,21148,21513,21251,20520,20004,19379,18621,18164,17964,17572,17199,16856,17634,17478,17447,17744,17423,16737,17214,18641,18939,19213,19048
2,ADIYAMAN,BASİTUSULDEVERGİLENDİRİLENGELİRVERGİSİ,7976,7359,7664,7691,7709,8331,8273,8325,8319,8577,8450,8521,8363,8789,8934,9191,9542,9718,10080,10504,11174,11365,11066,11329
3,AFYON,BASİTUSULDEVERGİLENDİRİLENGELİRVERGİSİ,11515,11570,11880,12181,12470,12284,12029,11650,11601,10825,10289,9943,9776,10012,10123,10189,10407,10562,10768,11407,12026,12417,12363,12227
4,AĞRI,BASİTUSULDEVERGİLENDİRİLENGELİRVERGİSİ,4054,4000,4393,4626,4809,4876,4985,5000,5032,5008,4876,4746,4441,4423,4430,4636,5574,5575,5634,5366,5362,5149,4962,4723
5,AMASYA,BASİTUSULDEVERGİLENDİRİLENGELİRVERGİSİ,5183,5152,5217,5103,4968,4748,4702,4537,4483,4333,4186,4074,4069,4365,4538,4633,4757,4834,4856,5076,5362,5509,5474,5311
6,ANKARA,BASİTUSULDEVERGİLENDİRİLENGELİRVERGİSİ,25221,25243,25058,24591,23587,23507,23191,22673,22608,22274,21559,20699,20375,21948,22573,23127,23529,23551,24058,24355,25182,25460,25840,25516
7,ANTALYA,BASİTUSULDEVERGİLENDİRİLENGELİRVERGİSİ,28350,28014,28134,28621,29546,28305,27412,26706,26461,26249,25905,25792,25520,25706,25110,25363,26230,26796,27695,28990,30943,31396,30988,30587
8,ARTVİN,BASİTUSULDEVERGİLENDİRİLENGELİRVERGİSİ,2610,2672,2644,2578,2600,2591,2531,2466,2517,2472,2451,2440,2363,2560,2651,2734,2752,2777,2814,2784,2880,2872,2763,2670
9,AYDIN,BASİTUSULDEVERGİLENDİRİLENGELİRVERGİSİ,20549,20584,20506,21049,21236,20761,20229,19747,19469,19381,19296,19491,19295,20672,21289,21959,22741,22899,23399,24555,25596,26201,26353,26195
10,BALIKESİR,BASİTUSULDEVERGİLENDİRİLENGELİRVERGİSİ,23041,23030,23235,23959,23804,22914,22079,21168,20868,20785,20431,20030,19472,20614,20991,21467,22112,22202,22506,23475,24201,24313,23742,23503
11,BİLECİK,BASİTUSULDEVERGİLENDİRİLENGELİRVERGİSİ,2136,2119,2114,2196,2135,2052,1965,1919,1887,1866,1735,1702,1672,1742,1818,1812,1843,1866,1934,1974,2027,1984,1800,1787
12,BİNGÖL,BASİTUSULDEVERGİLENDİRİLENGELİRVERGİSİ,2431,2393,2490,2622,2360,2387,2407,2468,2524,2464,2393,2436,2467,2574,2691,2811,2930,2897,2978,3032,3114,3000,2952,2825
13,BİTLİS,BASİTUSULDEVERGİLENDİRİLENGELİRVERGİSİ,2896,2925,3045,3047,3121,3154,3149,3225,3314,3450,3451,3507,3557,3599,3671,3783,4091,4088,4146,4280,4403,4311,4442,4364
14,BOLU,BASİTUSULDEVERGİLENDİRİLENGELİRVERGİSİ,2749,2627,2603,2551,2555,2394,2329,2195,2186,2139,2076,2134,2153,2452,2582,2711,2840,2889,2944,3075,3152,3092,3017,2990
15,BURDUR,BASİTUSULDEVERGİLENDİRİLENGELİRVERGİSİ,5132,5018,4969,4955,5167,4998,4826,4692,4676,4512,4415,4277,4126,4492,4523,4759,4962,5058,5242,5586,5885,6048,6143,6107
16,BURSA,BASİTUSULDEVERGİLENDİRİLENGELİRVERGİSİ,22025,21879,21384,20495,19719,18641,18051,17625,17480,17089,16431,16213,15652,16650,16903,17400,17919,18028,18496,18988,19400,19387,20091,19949
17,ÇANAKKALE,BASİTUSULDEVERGİLENDİRİLENGELİRVERGİSİ,10576,10610,10652,10711,10500,10234,9986,9611,9645,9515,9282,9147,8908,9223,9384,9611,9764,9793,9941,10406,10775,10707,10578,10451
18,ÇANKIRI,BASİTUSULDEVERGİLENDİRİLENGELİRVERGİSİ,1723,1708,1726,1718,1683,1656,1627,1569,1574,1602,1566,1532,1542,1696,1718,1795,1793,1832,1883,1981,2128,2269,2171,2163
19,ÇORUM,BASİTUSULDEVERGİLENDİRİLENGELİRVERGİSİ,7526,7598,7714,7712,7624,7040,6608,6255,6151,6005,5904,5717,5685,6467,6620,6805,7030,7114,7291,7696,8024,8226,8328,8081
20,DENİZLİ,BASİTUSULDEVERGİLENDİRİLENGELİRVERGİSİ,17445,17664,17987,18351,18671,18374,18111,17531,17491,17431,17129,16982,16587,17289,17974,18855,19718,19884,20271,22101,22563,22927,23436,23417
21,DİYARBAKIR,BASİTUSULDEVERGİLENDİRİLENGELİRVERGİSİ,13132,13502,13988,15048,14652,15004,15424,15505,16060,15982,15703,15515,15435,15309,15382,14584,14466,14473,14378,15177,16093,15889,16087,15515
22,EDİRNE,BASİTUSULDEVERGİLENDİRİLENGELİRVERGİSİ,8302,8316,8260,8253,8126,8001,7934,7864,7821,7734,7550,7511,7521,8523,8725,8960,9086,8948,8907,9046,9132,9094,8280,8120
23,ELAZIĞ,BASİTUSULDEVERGİLENDİRİLENGELİRVERGİSİ,6520,6717,7051,7124,7149,6931,6958,6732,6831,6878,6883,6853,6837,7448,7652,7883,8220,8240,8155,8142,8352,8003,7805,7612
24,ERZİNCAN,BASİTUSULDEVERGİLENDİRİLENGELİRVERGİSİ,2879,2887,2834,2925,2928,2935,2925,2935,2850,2665,2578,2540,2422,2616,2670,2781,2782,2826,2797,2879,2951,2922,2858,2853
25,ERZURUM,BASİTUSULDEVERGİLENDİRİLENGELİRVERGİSİ,8836,8700,9358,9448,9368,9122,9060,9041,8939,8606,8374,8129,8010,8156,8184,8148,8260,8288,8318,8520,8738,8703,8542,8358
26,ESKİŞEHİR,BASİTUSULDEVERGİLENDİRİLENGELİRVERGİSİ,5565,5432,5303,4823,4698,4447,4264,4044,3899,3779,3676,3524,3179,3473,3560,3652,3700,3718,3779,3876,3951,3923,4280,4336
27,GAZİANTEP,BASİTUSULDEVERGİLENDİRİLENGELİRVERGİSİ,21207,22452,23901,21149,18143,17208,16786,16552,16335,16093,15805,15723,15553,16018,16336,16146,16116,15603,15705,16152,16513,16670,16694,16825
28,GİRESUN,BASİTUSULDEVERGİLENDİRİLENGELİRVERGİSİ,8917,8892,8940,8949,8796,8708,8670,8503,8511,8357,8194,8024,7843,8286,8285,8331,8504,8418,8373,8407,8541,8423,8072,7740
29,GÜMÜŞHANE,BASİTUSULDEVERGİLENDİRİLENGELİRVERGİSİ,2166,2198,2230,2198,2178,2096,2025,1993,2001,1974,1942,1743,1639,1656,1646,1718,1744,1752,1754,1823,1913,1889,1808,1824
30,HAKKARİ,BASİTUSULDEVERGİLENDİRİLENGELİRVERGİSİ,1576,1597,1791,1872,1902,2265,2556,2749,2977,2927,2737,2592,2589,2593,2564,2653,2942,3119,3109,3402,3496,3816,4158,3967
31,HATAY,BASİTUSULDEVERGİLENDİRİLENGELİRVERGİSİ,20206,19794,20578,20879,20947,21177,21238,21163,21073,21061,21816,22406,22616,24040,24849,25242,25818,25306,25765,26843,28089,27847,25922,25576
32,ISPARTA,BASİTUSULDEVERGİLENDİRİLENGELİRVERGİSİ,6037,6138,6325,6383,6399,6110,5999,5758,5650,5549,5359,5215,5070,5354,5532,5647,5827,5850,6016,6244,6554,6371,6233,6284
33,İÇEL,BASİTUSULDEVERGİLENDİRİLENGELİRVERGİSİ,21395,21791,22275,22777,21508,20671,20239,19999,19669,19160,18830,18390,18121,19055,19381,19341,19818,19811,19957,20491,20979,21008,21224,20579
34,İSTANBUL,BASİTUSULDEVERGİLENDİRİLENGELİRVERGİSİ,66090,64303,59791,55758,48511,47416,45423,43783,42575,41582,40517,39975,39240,43112,44669,45545,46397,46382,46261,46560,47073,46711,49754,49959
35,İZMİR,BASİTUSULDEVERGİLENDİRİLENGELİRVERGİSİ,37639,37141,36780,34910,33945,33165,32313,31135,30306,29152,28438,27940,27430,28578,28807,29195,29753,29428,29550,30252,30824,30823,30831,31084
36,KARS,BASİTUSULDEVERGİLENDİRİLENGELİRVERGİSİ,4198,4151,4279,4383,4327,4363,4270,4015,4007,3882,3605,3456,3266,3200,3167,3159,3235,3223,3245,3348,3347,3286,3207,3114
37,KASTAMONU,BASİTUSULDEVERGİLENDİRİLENGELİRVERGİSİ,5951,5881,6063,6088,6049,5831,5850,5554,5556,5465,5330,5207,5072,5474,5558,5702,5788,5800,5918,6141,6459,6096,5785,5559
38,KAYSERİ,BASİTUSULDEVERGİLENDİRİLENGELİRVERGİSİ,9009,8801,8962,8621,8200,7939,7880,7608,7349,7321,7186,6976,6780,7284,7434,7649,7800,7782,7828,7942,8124,7759,7985,7903
39,KIRKLARELİ,BASİTUSULDEVERGİLENDİRİLENGELİRVERGİSİ,6712,6685,6678,6711,6750,6309,6049,5913,5870,5690,5524,5444,5450,6090,6219,6361,6599,6591,6711,6884,6998,6901,6785,6707
40,KIRŞEHİR,BASİTUSULDEVERGİLENDİRİLENGELİRVERGİSİ,3135,3140,3119,3022,2954,2911,2837,2747,2693,2623,2601,2583,2567,3207,3318,3367,3400,3453,3576,3749,3976,4046,4097,3967
41,KOCAELİ,BASİTUSULDEVERGİLENDİRİLENGELİRVERGİSİ,11547,11775,12097,11198,8749,8085,7839,7601,7401,6780,6419,6264,6049,6244,6407,6643,6910,6970,7108,7399,7663,7598,8217,8329
42,KONYA,BASİTUSULDEVERGİLENDİRİLENGELİRVERGİSİ,20614,20952,21612,21011,20961,20681,20187,19649,19477,19175,18610,18099,17808,18968,19489,19871,20403,20287,20277,20812,21469,21293,21813,21744
43,KÜTAHYA,BASİTUSULDEVERGİLENDİRİLENGELİRVERGİSİ,9102,9145,9172,9238,8860,8362,8171,7907,8004,7872,7673,7550,7539,8011,8234,8574,8691,8627,8695,8770,8946,8735,8406,8149
44,MALATYA,BASİTUSULDEVERGİLENDİRİLENGELİRVERGİSİ,9663,9663,9811,9940,10032,9889,9941,9955,9952,9928,9621,9519,9496,9963,10295,10695,11092,11192,11394,11721,11999,11849,11107,11194
45,MANİSA,BASİTUSULDEVERGİLENDİRİLENGELİRVERGİSİ,23005,23346,23893,24113,24280,23753,23598,23051,23000,22747,22602,22004,21557,22638,23069,23235,23845,24023,24598,26181,27196,27493,27600,27460
46,KAHRAMANMARAŞ,BASİTUSULDEVERGİLENDİRİLENGELİRVERGİSİ,14605,14915,15276,15825,15478,14946,14812,14544,14444,14262,13864,13995,13750,14228,14301,14458,14724,14887,15012,15407,15903,15963,15133,15192
47,MARDİN,BASİTUSULDEVERGİLENDİRİLENGELİRVERGİSİ,7887,7525,7293,7244,7143,7201,7429,7632,7639,7606,7638,7697,7796,8365,8534,8540,8520,8385,8042,8065,8471,7766,7444,7155
48,MUĞLA,BASİTUSULDEVERGİLENDİRİLENGELİRVERGİSİ,17256,17167,17230,17376,17072,16458,16159,15531,15109,15029,14875,14651,14298,15231,15453,15228,14725,14430,14591,14830,15286,14980,14304,13717
49,MUŞ,BASİTUSULDEVERGİLENDİRİLENGELİRVERGİSİ,2901,2824,2952,3096,3286,3307,3321,3338,3416,3413,3421,3518,3579,3624,3681,3665,3708,3773,3733,4038,4264,4221,4220,3943
50,NEVŞEHİR,BASİTUSULDEVERGİLENDİRİLENGELİRVERGİSİ,4631,4741,4989,5202,5137,4991,4864,4680,4628,4560,4334,4236,4200,4315,4448,4598,4756,4860,5009,5251,5641,5863,5978,5862
51,NİĞDE,BASİTUSULDEVERGİLENDİRİLENGELİRVERGİSİ,4239,4371,4824,5127,5241,5319,5299,5214,5204,5175,4984,4854,4777,4875,4951,5009,5010,4957,4999,5243,5520,5673,5727,5574
52,ORDU,BASİTUSULDEVERGİLENDİRİLENGELİRVERGİSİ,12663,12512,12515,12559,12557,12556,12460,12199,12107,12076,12127,12091,11920,12745,12921,13377,13575,13435,13488,13680,14149,14295,14358,14231
53,RİZE,BASİTUSULDEVERGİLENDİRİLENGELİRVERGİSİ,6489,6488,6579,6533,6261,6093,5919,5749,5598,5593,5437,5344,5131,5229,5274,5356,5446,5394,5340,5139,5213,5154,5153,5117
54,SAKARYA,BASİTUSULDEVERGİLENDİRİLENGELİRVERGİSİ,15755,15730,16159,16189,15894,15145,14532,14059,13843,13628,13387,13356,13267,14059,14150,14012,14519,14612,14873,15475,16010,15932,15942,15775
55,SAMSUN,BASİTUSULDEVERGİLENDİRİLENGELİRVERGİSİ,16958,17039,17698,16801,16664,16162,16022,15511,15592,15641,15499,15493,15448,16162,16468,16803,17087,17166,17245,17702,18205,18232,18299,18051
56,SİİRT,BASİTUSULDEVERGİLENDİRİLENGELİRVERGİSİ,2555,2575,2602,2568,2550,2483,2583,2660,2948,2844,2825,2766,2667,2750,2743,2816,2946,3030,3104,3162,3254,3316,3320,3280
57,SİNOP,BASİTUSULDEVERGİLENDİRİLENGELİRVERGİSİ,3472,3524,3495,3428,3342,3290,3252,3231,3279,3260,3245,3182,3142,3260,3263,3378,3401,3425,3512,3597,3695,3665,3116,3076
58,SİVAS,BASİTUSULDEVERGİLENDİRİLENGELİRVERGİSİ,7681,7784,7958,8074,7908,7678,7575,7147,7147,6911,6682,6464,6239,6651,6734,6908,7013,6979,7014,7099,7254,7156,7008,6745
59,TEKİRDAĞ,BASİTUSULDEVERGİLENDİRİLENGELİRVERGİSİ,11252,11404,11736,11752,11803,11471,11149,10759,10763,10605,10664,10814,10704,11588,12289,12943,13506,13785,14250,15148,15867,16002,15409,14783
60,TOKAT,BASİTUSULDEVERGİLENDİRİLENGELİRVERGİSİ,9342,9318,9494,9509,9122,8910,8839,8465,8612,8500,8318,8070,7815,8253,8295,8473,8605,8600,8709,9039,9422,9553,9299,9076
61,TRABZON,BASİTUSULDEVERGİLENDİRİLENGELİRVERGİSİ,13098,13053,13195,13206,13093,12814,12623,12219,11920,11655,11753,11859,11745,12255,12630,12974,13481,13595,13783,13852,14104,14160,14292,14147
62,TUNCELİ,BASİTUSULDEVERGİLENDİRİLENGELİRVERGİSİ,1142,1207,1285,1319,1327,1315,1318,1275,1323,1307,1285,1232,1252,1355,1407,1429,1463,1464,1474,1472,1474,1480,1442,1347
63,ŞANLIURFA,BASİTUSULDEVERGİLENDİRİLENGELİRVERGİSİ,16570,17514,18686,18953,18695,18568,18559,18805,18866,18893,19072,18666,18642,18933,19084,19172,18882,18367,18576,18851,19835,20114,20139,19609
64,UŞAK,BASİTUSULDEVERGİLENDİRİLENGELİRVERGİSİ,5066,5284,5494,5818,5827,5860,5903,5924,6114,6157,6025,5972,5884,6420,6560,6816,7079,7229,7358,7802,8223,8279,8097,8065
65,VAN,BASİTUSULDEVERGİLENDİRİLENGELİRVERGİSİ,9313,10001,11256,11040,11525,12420,12934,13464,13527,13554,12808,12436,12143,12136,11867,11934,11830,11858,11730,12147,12438,12091,11917,11268
66,YOZGAT,BASİTUSULDEVERGİLENDİRİLENGELİRVERGİSİ,6289,6450,6664,6898,6899,6912,6908,6776,6603,6360,6015,5796,5574,5877,5921,6114,6262,6216,6338,6481,6842,7197,7334,6922
67,ZONGULDAK,BASİTUSULDEVERGİLENDİRİLENGELİRVERGİSİ,10738,10912,10894,10747,10477,10057,9756,8949,8732,8589,8340,8079,7708,8214,8250,8387,8650,8636,8704,8722,8855,8826,8811,8538
68,AKSARAY,BASİTUSULDEVERGİLENDİRİLENGELİRVERGİSİ,5008,4936,4955,5146,5225,5116,4847,4668,4828,4819,4702,4693,4582,4585,4682,4717,4974,4989,5036,5281,5539,5915,5904,5550
69,BAYBURT,BASİTUSULDEVERGİLENDİRİLENGELİRVERGİSİ,1126,1126,1158,1130,1114,1147,1154,1142,1143,1130,1133,1134,1076,1103,1122,1160,1195,1189,1190,1239,1277,1270,1279,1208
70,KARAMAN,BASİTUSULDEVERGİLENDİRİLENGELİRVERGİSİ,3910,3895,3908,4094,3988,3906,3692,3633,3578,3598,3500,3437,3407,3588,3689,3643,3750,3699,3666,3862,3969,3886,3891,3878
71,KIRIKKALE,BASİTUSULDEVERGİLENDİRİLENGELİRVERGİSİ,3097,3242,3344,3317,3317,3155,3114,3086,3058,3038,2954,2851,2831,3205,3311,3366,3478,3463,3562,3689,3821,3856,3834,3858
72,BATMAN,BASİTUSULDEVERGİLENDİRİLENGELİRVERGİSİ,4537,4547,4832,4854,4589,4389,4450,4391,4470,4444,4130,4278,4211,4176,4220,4128,4321,4325,4343,4490,4687,4335,4237,4371
73,ŞIRNAK,BASİTUSULDEVERGİLENDİRİLENGELİRVERGİSİ,3026,2777,2704,2507,2445,2320,2275,2272,2189,2107,2022,2014,2036,2105,2082,2305,2562,2859,2853,3161,3410,3445,3631,3587
74,BARTIN,BASİTUSULDEVERGİLENDİRİLENGELİRVERGİSİ,4115,4038,4091,3791,3036,2848,2793,2728,2756,2691,2572,2527,2470,2706,2791,2877,3026,2984,3052,3063,3122,3061,3036,2984
75,ARDAHAN,BASİTUSULDEVERGİLENDİRİLENGELİRVERGİSİ,1646,1571,1652,1672,1663,1650,1575,1474,1452,1496,1565,1484,1451,1525,1521,1494,1494,1472,1510,1549,1592,1559,1565,1526
76,IĞDIR,BASİTUSULDEVERGİLENDİRİLENGELİRVERGİSİ,2558,2515,2688,2651,2654,2525,2495,2345,2348,2475,2486,2501,2478,2670,2645,2647,2730,2801,2915,3131,3069,2829,2694,2264
77,YALOVA,BASİTUSULDEVERGİLENDİRİLENGELİRVERGİSİ,2806,2947,3024,2982,2856,2885,2940,2981,3007,2995,2976,2952,2984,3267,3351,3485,3567,3549,3574,3576,3600,3429,3243,3110
78,KARABÜK,BASİTUSULDEVERGİLENDİRİLENGELİRVERGİSİ,2811,2838,2840,2842,2753,2623,2632,2569,2578,2547,2502,2451,2432,2750,2821,2917,3015,3042,3127,3203,3285,3251,3176,3143
79,KİLİS,BASİTUSULDEVERGİLENDİRİLENGELİRVERGİSİ,2608,2584,2603,2678,2674,2660,2632,2586,2630,2655,2655,2662,2630,2721,2756,2571,2572,2536,2855,2972,2981,2824,2803,2858
80,OSMANİYE,BASİTUSULDEVERGİLENDİRİLENGELİRVERGİSİ,6758,7022,7316,7527,7464,7323,7226,6931,7044,7000,6815,6681,6503,6587,6674,6843,7073,7154,7416,7656,8102,8122,8005,8050
81,DÜZCE,BASİTUSULDEVERGİLENDİRİLENGELİRVERGİSİ,7012,7079,7213,7248,6431,6008,5765,5512,5341,5314,5113,5093,4954,5240,5343,5473,5638,5640,5625,5891,6278,6359,6105,5988
1,ADANA,GELİRSTOPAJVERGİSİ,45776,46965,48373,51357,53050,53935,54075,54971,54935,56047,57003,57583,58694,58493,59330,60259,62278,64224,66851,74887,80656,87313,93416,98893
2,ADIYAMAN,GELİRSTOPAJVERGİSİ,2650,2952,3570,5316,6201,6658,6953,7833,7903,8136,8331,8450,8639,8578,8690,8937,9293,9902,10269,12770,14223,15454,15924,18493
3,AFYON,GELİRSTOPAJVERGİSİ,10600,10797,11193,12112,12707,13815,14321,15779,15874,15920,15917,16161,16453,16404,16764,17109,17786,18599,19160,22099,24205,26117,28183,30114
4,AĞRI,GELİRSTOPAJVERGİSİ,2245,2366,2598,2881,3532,4094,4257,4320,4739,4994,5173,5278,5329,5332,5552,5675,5991,6303,6605,7117,7530,7881,8219,8720
5,AMASYA,GELİRSTOPAJVERGİSİ,6172,6358,6523,6945,7211,7607,7828,7977,8029,8098,8177,8328,8533,8285,8345,8377,8579,9501,9865,10492,11080,11770,12465,13098
6,ANKARA,GELİRSTOPAJVERGİSİ,156484,160279,163075,169390,169832,176519,182167,183845,185074,188963,192610,196630,201521,203838,210566,216139,224544,230421,236842,258342,278147,294088,312523,326593
7,ANTALYA,GELİRSTOPAJVERGİSİ,69985,72564,75713,82323,88848,91254,95119,97557,96897,97255,98482,99340,101618,103200,106784,107543,110499,114921,120736,135324,149017,165100,178403,186931
8,ARTVİN,GELİRSTOPAJVERGİSİ,3104,3102,3350,3531,3670,3968,4366,5059,5144,5092,5048,5085,5071,4937,5002,5098,5341,5602,5749,6372,6785,7282,7660,7889
9,AYDIN,GELİRSTOPAJVERGİSİ,27268,27482,27851,29001,29775,30951,31727,32179,32179,31676,31632,31801,32127,31250,31977,32489,33817,34780,35687,42826,46630,50358,53498,56446
10,BALIKESİR,GELİRSTOPAJVERGİSİ,32698,32963,33345,34748,34501,34605,34755,34479,33743,33799,34106,34078,34120,33316,33755,34324,35611,37003,37485,43850,47413,50454,53744,56745
11,BİLECİK,GELİRSTOPAJVERGİSİ,4056,4124,4304,4694,5170,5299,5423,5643,5555,5502,5413,5456,5554,5477,5484,5489,5680,5840,5974,6604,6896,7258,7617,8026
12,BİNGÖL,GELİRSTOPAJVERGİSİ,1786,1791,1906,2166,2167,2182,2374,2543,2825,2970,3286,3481,3651,3779,4049,4290,4620,4889,4951,5460,5913,6007,6267,6610
13,BİTLİS,GELİRSTOPAJVERGİSİ,1400,1426,1526,1974,2283,2612,2764,3256,3605,3786,4063,4223,4368,4377,4450,4585,4743,4908,5018,5563,6024,6560,7100,7852
14,BOLU,GELİRSTOPAJVERGİSİ,6079,6283,6497,7048,7385,7633,7764,8612,8591,8588,8646,8946,9115,8976,9108,9089,9378,9610,9854,10624,11125,11704,12359,12980
15,BURDUR,GELİRSTOPAJVERGİSİ,6604,6740,7024,7425,7932,8284,8714,8946,8967,9017,8991,9196,9254,9069,9160,9267,9588,9932,10195,11253,12000,12719,13530,14110
16,BURSA,GELİRSTOPAJVERGİSİ,83376,84530,86219,89247,88843,91448,94010,94950,93682,95142,95561,97981,100108,101181,104523,108046,112993,118006,122289,135497,145446,154939,162339,169109
17,ÇANAKKALE,GELİRSTOPAJVERGİSİ,12082,12498,13016,13932,13963,14622,15181,15724,15961,16207,16438,16657,16739,16463,16729,17269,18194,19043,19634,22583,24563,26561,28464,30441
18,ÇANKIRI,GELİRSTOPAJVERGİSİ,2594,2627,2713,2903,3008,3072,3165,3259,3442,3488,3557,3551,3598,3500,3607,3700,3765,4528,4782,5163,5511,5899,6388,6965
19,ÇORUM,GELİRSTOPAJVERGİSİ,11873,11812,12028,12184,12263,12790,12515,13846,13365,13542,13489,13350,13131,12511,12704,12835,13310,13912,14228,16001,17047,17664,18502,19602
20,DENİZLİ,GELİRSTOPAJVERGİSİ,23785,24048,24915,26123,26177,27684,28935,29288,29127,29292,29746,29990,31013,30454,30639,31043,32358,33354,34343,40153,44310,48121,51983,55252
21,DİYARBAKIR,GELİRSTOPAJVERGİSİ,13019,13217,13173,14168,13669,14222,15663,17248,17897,19041,19849,20493,21265,21469,22241,21525,22195,23695,24820,29045,32128,35584,38937,42049
22,EDİRNE,GELİRSTOPAJVERGİSİ,11626,11595,11717,12109,11976,12127,12324,12314,12320,12318,12532,12604,12608,11640,11560,11763,12278,12648,13011,14831,15726,16759,18222,19320
23,ELAZIĞ,GELİRSTOPAJVERGİSİ,7638,7816,8239,8731,9784,10311,10712,11488,11527,11776,11986,12128,12235,11855,12101,12339,12722,13181,13433,15120,16389,17648,18885,20407
24,ERZİNCAN,GELİRSTOPAJVERGİSİ,3091,3249,3357,3584,4063,4163,4368,4553,4648,4712,4833,4992,5067,4946,5038,5168,5301,5481,5519,6254,6617,7003,7335,7822
25,ERZURUM,GELİRSTOPAJVERGİSİ,6281,6544,7044,8905,10451,10648,10929,11683,12658,13057,13231,13254,13320,12996,13087,13187,13553,13870,13991,15667,16510,17405,18296,19573
26,ESKİŞEHİR,GELİRSTOPAJVERGİSİ,22185,22057,22461,23401,23668,24420,24660,24777,24592,24768,25081,25533,26571,26761,27791,28645,29479,30408,31172,34826,36711,38648,40279,42234
27,GAZİANTEP,GELİRSTOPAJVERGİSİ,28574,29604,31756,36202,39066,41433,42949,44930,44352,45377,46674,46992,49668,51715,53225,53762,55946,57512,60083,66715,71648,77376,82111,87169
28,GİRESUN,GELİRSTOPAJVERGİSİ,5708,5721,5887,6136,6639,7179,7462,8490,8736,9010,8984,9101,8969,8609,8698,8886,9257,9853,10247,12309,13485,14583,15557,16518
29,GÜMÜŞHANE,GELİRSTOPAJVERGİSİ,1181,1203,1301,1410,1643,1715,1750,2227,2291,2300,2310,2313,2376,2454,2458,2496,2566,2659,2752,3150,3417,3590,3744,3906
30,HAKKARİ,GELİRSTOPAJVERGİSİ,1066,1118,1165,1337,1540,1709,1818,1961,2148,2256,2282,2417,2409,2484,2638,2777,3044,3251,3310,3607,3905,4373,4567,4671
31,HATAY,GELİRSTOPAJVERGİSİ,27127,27082,27742,28929,29540,30687,30879,30829,30211,30248,31234,32091,33214,33164,34007,34143,34850,37308,38887,43026,46750,50251,51760,56278
32,ISPARTA,GELİRSTOPAJVERGİSİ,7211,7564,8054,8935,9553,10001,10492,10807,11026,11252,11392,11563,11732,11577,11935,12108,12494,12889,13249,15031,16229,17295,18552,19725
33,İÇEL,GELİRSTOPAJVERGİSİ,43132,44517,45082,47986,49455,49206,49752,50273,50091,50037,50783,50971,52030,51735,52958,53966,56510,59158,61336,69775,74508,80513,86080,90437
34,İSTANBUL,GELİRSTOPAJVERGİSİ,633459,633465,645711,668714,604938,631945,659013,660298,655971,668325,682957,702332,707783,726003,744080,760986,791249,814482,842745,936674,1017647,1069003,1108895,1136043
35,İZMİR,GELİRSTOPAJVERGİSİ,145786,148911,154007,162297,162003,165031,167294,167549,164893,165871,164934,167107,168225,167015,169570,173181,179318,185178,190511,212427,228525,243081,256394,266130
36,KARS,GELİRSTOPAJVERGİSİ,2979,3067,3144,3594,3879,3916,4150,4154,4500,4377,4347,4389,4418,4213,4323,4368,4492,4584,4603,5005,5295,5593,5866,6342
37,KASTAMONU,GELİRSTOPAJVERGİSİ,7627,7520,7763,8053,8290,9028,9666,10133,10021,10123,10151,10164,10284,9861,9950,10038,10252,10592,10866,12231,12955,13937,14696,15251
38,KAYSERİ,GELİRSTOPAJVERGİSİ,25366,26018,27364,28692,29620,31591,33292,34307,34514,35232,35726,36479,37370,38327,39955,41483,43403,44889,46750,54142,58935,63514,66420,68711
39,KIRKLARELİ,GELİRSTOPAJVERGİSİ,9358,9384,9641,10031,10456,10720,10816,10897,10796,10750,10905,11003,11085,10637,10679,10717,10905,11288,11422,12964,13803,14608,15599,16382
40,KIRŞEHİR,GELİRSTOPAJVERGİSİ,3621,3841,3979,4611,4841,4865,4904,4992,4255,4165,3883,3752,3015,3231,3952,4384,5418,5761,5951,6301,6715,7175,7697,8461
41,KOCAELİ,GELİRSTOPAJVERGİSİ,42833,43846,44919,47208,50615,52175,53412,54547,54847,55611,56525,58289,59775,60914,61304,61379,64556,66659,68237,75845,82606,88277,92983,98352
42,KONYA,GELİRSTOPAJVERGİSİ,46946,48035,50965,54109,55946,59308,61640,62270,62175,62556,62929,64102,65622,66551,68628,69745,72468,75083,77816,87572,94232,100971,107420,114151
43,KÜTAHYA,GELİRSTOPAJVERGİSİ,9680,9888,10134,11191,11632,12480,12879,13159,13167,13223,13285,13388,13472,12926,12872,12971,13371,13819,13975,15853,16762,17834,19122,20331
44,MALATYA,GELİRSTOPAJVERGİSİ,14111,14116,14187,15037,15003,14907,14897,15465,15410,15669,15717,15719,15847,15563,15541,15697,16442,17109,17389,20055,21798,23105,23533,25537
45,MANİSA,GELİRSTOPAJVERGİSİ,30180,30305,31061,32078,32604,33917,34578,34663,34444,34131,34596,35272,35811,35165,35460,35876,37672,38945,40010,45635,49021,52360,55816,58739
46,KAHRAMANMARAŞ,GELİRSTOPAJVERGİSİ,10289,10607,11290,12322,14469,15711,16564,17304,17345,17319,17646,17861,18338,18362,19189,20156,21178,22274,23020,26088,28467,31121,33119,36644
47,MARDİN,GELİRSTOPAJVERGİSİ,2356,2675,4439,4442,6715,8196,8954,10094,10658,10500,10363,10640,10956,11218,11360,11407,12227,13350,13948,15916,17878,20661,22287,23676
48,MUĞLA,GELİRSTOPAJVERGİSİ,29573,30786,31973,36185,38126,39149,40681,41732,42045,42407,42425,42914,43328,42586,43561,44060,46264,48720,51023,57336,62405,67828,73107,78126
49,MUŞ,GELİRSTOPAJVERGİSİ,937,853,954,1209,1800,2586,2828,3006,3813,4049,4053,4281,4146,4675,4907,4938,5011,5223,5243,5686,6195,6603,6875,7407
50,NEVŞEHİR,GELİRSTOPAJVERGİSİ,6839,7094,7289,7676,7888,8181,8525,8974,8924,8901,9054,9220,9348,9530,9884,10078,10323,10729,11286,12538,13708,15042,16340,17589
51,NİĞDE,GELİRSTOPAJVERGİSİ,4374,4465,4590,5200,6288,6663,6924,7025,6826,6934,6953,7067,7287,7339,7515,7822,8320,8818,9312,11403,13026,14226,15659,16655
52,ORDU,GELİRSTOPAJVERGİSİ,9557,9555,9597,10027,11483,12433,12988,13946,14217,14317,14403,14476,14574,13965,14008,14219,14827,15636,15972,18907,20977,22601,24341,25822
53,RİZE,GELİRSTOPAJVERGİSİ,4972,5010,5172,5911,6960,7453,7981,8273,7233,7520,8225,8563,8664,8523,8597,8740,8932,9185,9466,10731,11355,11916,12711,13431
54,SAKARYA,GELİRSTOPAJVERGİSİ,20581,20746,21344,22691,23251,23822,24214,24584,24322,24209,24189,24988,25863,25798,26499,26461,27520,28725,29419,34145,37690,41197,45088,48142
55,SAMSUN,GELİRSTOPAJVERGİSİ,24899,25386,26783,28411,28713,29190,29673,29801,29701,30117,30524,30985,31594,31393,32150,32967,34108,35415,36022,40278,44491,48014,50994,54141
56,SİİRT,GELİRSTOPAJVERGİSİ,1262,1358,1393,1652,2098,2109,2218,2297,2461,2495,2559,2752,2879,2909,2981,3097,3338,3539,3682,4124,4596,4816,5077,5385
57,SİNOP,GELİRSTOPAJVERGİSİ,3490,3518,3920,4101,4218,4285,4307,4752,4776,4791,4853,4883,4925,4852,4956,5043,5246,5458,5643,6339,6809,7315,8050,8428
58,SİVAS,GELİRSTOPAJVERGİSİ,7273,7561,7877,8811,9320,9743,10578,11811,12241,12329,12359,12477,12641,12472,12778,13089,13652,14172,14463,16126,17312,18394,19578,20651
59,TEKİRDAĞ,GELİRSTOPAJVERGİSİ,21553,22005,22756,24102,24350,25680,26497,26769,27242,27155,27880,28974,29950,29975,30896,31838,33202,34601,35285,39776,43123,46948,50565,53663
60,TOKAT,GELİRSTOPAJVERGİSİ,7833,7916,8231,9409,9950,10878,11311,11428,11202,11196,11386,11442,11558,11070,11113,11316,11768,12137,12462,14666,15947,17040,18217,19210
61,TRABZON,GELİRSTOPAJVERGİSİ,14893,14799,15237,15733,15774,16864,17381,18226,18537,18810,19016,19240,19393,19142,19378,19800,20481,21289,21846,25877,28099,30212,32393,34145
62,TUNCELİ,GELİRSTOPAJVERGİSİ,1005,1004,1025,1112,1053,1089,1206,1278,1322,1340,1406,1481,1505,1418,1431,1421,1490,1557,1595,1937,2160,2290,2416,2638
63,ŞANLIURFA,GELİRSTOPAJVERGİSİ,12629,13923,15266,16572,17645,19756,20830,23217,24778,26285,27856,29485,31114,32475,33634,33939,34810,35831,37130,40438,44765,51008,56058,60095
64,UŞAK,GELİRSTOPAJVERGİSİ,8166,8373,8653,9058,9545,9628,9620,9589,9485,9466,9365,9168,9068,9140,9213,9461,9830,10295,10497,12944,14119,15370,16410,17273
65,VAN,GELİRSTOPAJVERGİSİ,7816,8125,8638,8753,9849,10960,11415,12560,13272,13295,13171,13869,14534,14976,15218,15836,16456,17123,17427,19834,21492,22734,24233,26277
66,YOZGAT,GELİRSTOPAJVERGİSİ,6511,6530,6672,7031,7286,8099,9035,9248,9208,9372,9418,9558,9619,9161,9233,9196,9576,9972,10337,11557,12392,13426,14566,15530
67,ZONGULDAK,GELİRSTOPAJVERGİSİ,12955,13144,13449,14050,14495,15077,15028,15193,14734,14563,14393,14274,14183,13276,12876,12903,13123,13329,13607,15450,16782,17732,18492,19337
68,AKSARAY,GELİRSTOPAJVERGİSİ,6613,6678,6758,7285,8008,8439,8609,8735,8835,9046,9174,9206,9556,9889,10363,10385,10988,11507,12025,13875,15422,16953,18328,19670
69,BAYBURT,GELİRSTOPAJVERGİSİ,481,526,565,704,1254,1304,1316,1349,1230,1209,1343,1397,1408,1337,1311,1333,1404,1456,1542,1788,2018,2132,2230,2327
70,KARAMAN,GELİRSTOPAJVERGİSİ,3937,3979,4209,4587,4929,5022,5189,5287,5288,5372,5630,5803,5843,5986,6053,6133,6503,6931,6996,8054,9000,9538,10147,10797
71,KIRIKKALE,GELİRSTOPAJVERGİSİ,6187,6327,6439,6550,6457,6384,6365,6440,6412,6390,6303,6270,6279,6062,6069,6124,6310,6473,6563,7414,8041,8589,9180,9543
72,BATMAN,GELİRSTOPAJVERGİSİ,4138,4276,4440,4617,5174,5327,5579,5960,6252,6719,6726,7115,7134,7449,8064,8300,8750,9019,9288,10887,12008,13117,13933,15043
73,ŞIRNAK,GELİRSTOPAJVERGİSİ,7487,7496,7720,7920,8606,9071,8577,8649,8556,8476,7692,7328,6685,6559,6580,6454,6463,7002,6846,7294,7979,8883,9536,9921
74,BARTIN,GELİRSTOPAJVERGİSİ,2651,2749,2908,3367,4045,4052,4197,4539,4543,4556,4540,4545,4561,4365,4344,4333,4447,5562,5836,6270,6697,7044,7388,7751
75,ARDAHAN,GELİRSTOPAJVERGİSİ,1227,1173,1267,1296,1323,1346,1334,1596,1578,1596,1639,1658,1627,1550,1562,1576,1619,1676,1678,1884,1995,2035,2087,2103
76,IĞDIR,GELİRSTOPAJVERGİSİ,4869,4960,4751,4254,4184,4068,3916,4182,4046,4118,4021,3988,3987,3765,3571,3465,3463,3549,3616,4007,4235,4453,4685,5222
77,YALOVA,GELİRSTOPAJVERGİSİ,7630,7897,7829,7950,7446,7521,7736,7990,7984,8151,8146,8213,8362,8434,8710,8923,9462,9793,10181,11516,12459,13464,14448,15375
78,KARABÜK,GELİRSTOPAJVERGİSİ,6714,6757,6680,6984,6772,6826,6886,6914,6859,6784,6761,6814,6882,6638,6658,6656,6887,7024,7057,7928,8413,8968,9454,9841
79,KİLİS,GELİRSTOPAJVERGİSİ,1905,1891,1859,1884,1962,2032,1991,1953,2031,2050,1972,1985,2260,2454,2626,2710,2864,3140,3313,3545,3805,3962,4083,4507
80,OSMANİYE,GELİRSTOPAJVERGİSİ,6405,6814,6947,7880,7807,8064,8553,8640,8774,8939,9290,9674,9977,10086,10380,10585,10871,11257,11683,13256,14535,15976,17163,18882
81,DÜZCE,GELİRSTOPAJVERGİSİ,7903,8123,8438,9429,8968,8946,9005,9073,9026,8907,8780,8983,8947,9061,9267,9423,9640,10132,10475,12008,12920,14151,15465,16511
