|||Sütunlar|||||||||||||||||||||||||||||||||||||||||||||||||||||||||||||||||||||||||||||||||
Satırlar|||Adana-1|Adıyaman-2|Afyonkarahisar-3|Aksaray-68|Amasya-5|Ankara-6|Antalya-7|Ardahan-75|Artvin-8|Aydın-9|Ağrı-4|Balıkesir-10|Bartın-74|Batman-72|Bayburt-69|Bilecik-11|Bingöl-12|Bitlis-13|Bolu-14|Burdur-15|Bursa-16|Denizli-20|Diyarbakır-21|Düzce-81|Edirne-22|Elazığ-23|Erzincan-24|Erzurum-25|Eskişehir-26|Gaziantep-27|Giresun-28|Gümüşhane-29|Hakkari-30|Hatay-31|Isparta-32|Iğdır-76|Kahramanmaraş-46|Karabük-78|Karaman-70|Kars-36|Kastamonu-37|Kayseri-38|Kilis-79|Kocaeli-41|Konya-42|Kütahya-43|Kırklareli-39|Kırıkkale-71|Kırşehir-40|Malatya-44|Manisa-45|Mardin-47|Mersin-33|Muğla-48|Muş-49|Nevşehir-50|Niğde-51|Ordu-52|Osmaniye-80|Rize-53|Sakarya-54|Samsun-55|Siirt-56|Sinop-57|Sivas-58|Tekirdağ-59|Tokat-60|Trabzon-61|Tunceli-62|Uşak-64|Van-65|Yalova-77|Yozgat-66|Zonguldak-67|Çanakkale-17|Çankırı-18|Çorum-19|İstanbul-34|İzmir-35|Şanlıurfa-63|Şırnak-73|
||||||||||||||||||||||||||||||||||||||||||||||||||||||||||||||||||||||||||||||||||||
||||||||||||||||||||||||||||||||||||||||||||||||||||||||||||||||||||||||||||||||||||
Eser Sayısı|Ölçüm bazında|2000|17.0|2.0|0.0|0.0|0.0|146.0|7.0|0.0|0.0|5.0|0.0|0.0|4.0|7.0|0.0|0.0|0.0|0.0|0.0|0.0|18.0|0.0|10.0|0.0|65.0|10.0|0.0|9.0|3.0|0.0|3.0|0.0|0.0|3.0|1.0|0.0|0.0|0.0|0.0|0.0|0.0|0.0|0.0|7.0|5.0|0.0|0.0|0.0|0.0|6.0|0.0|0.0|4.0|2.0|0.0|0.0|0.0|0.0|0.0|0.0|0.0|10.0|0.0|0.0|7.0|0.0|0.0|8.0|0.0|0.0|12.0|2.0|0.0|4.0|0.0|0.0|12.0|302.0|44.0|0.0|0.0|
||2001|20.0|0.0|0.0|0.0|0.0|125.0|17.0|0.0|0.0|4.0|0.0|0.0|6.0|0.0|0.0|0.0|0.0|0.0|0.0|0.0|47.0|0.0|7.0|0.0|9.0|0.0|0.0|4.0|6.0|0.0|3.0|0.0|0.0|1.0|0.0|0.0|0.0|0.0|0.0|0.0|0.0|0.0|0.0|12.0|6.0|0.0|0.0|0.0|0.0|10.0|0.0|0.0|2.0|2.0|0.0|0.0|0.0|6.0|0.0|0.0|0.0|11.0|0.0|0.0|12.0|0.0|0.0|7.0|0.0|0.0|6.0|0.0|0.0|3.0|0.0|0.0|3.0|258.0|43.0|0.0|0.0|
||2002|13.0|0.0|0.0|0.0|0.0|111.0|12.0|0.0|0.0|36.0|0.0|0.0|5.0|0.0|0.0|0.0|0.0|0.0|0.0|0.0|31.0|0.0|5.0|0.0|0.0|1.0|0.0|9.0|6.0|0.0|3.0|0.0|0.0|4.0|2.0|0.0|31.0|0.0|0.0|3.0|0.0|16.0|0.0|0.0|6.0|0.0|0.0|0.0|0.0|0.0|0.0|0.0|8.0|2.0|0.0|0.0|0.0|0.0|0.0|0.0|0.0|13.0|0.0|0.0|11.0|0.0|3.0|21.0|0.0|0.0|5.0|0.0|0.0|2.0|0.0|0.0|5.0|269.0|80.0|0.0|0.0|
||2003|16.0|0.0|0.0|0.0|0.0|106.0|13.0|0.0|0.0|2.0|0.0|0.0|0.0|0.0|0.0|0.0|0.0|0.0|0.0|0.0|22.0|0.0|4.0|0.0|0.0|1.0|0.0|11.0|0.0|0.0|4.0|0.0|0.0|0.0|3.0|0.0|0.0|0.0|0.0|3.0|0.0|20.0|0.0|3.0|15.0|0.0|0.0|0.0|0.0|0.0|0.0|12.0|3.0|2.0|0.0|0.0|0.0|0.0|0.0|0.0|0.0|19.0|0.0|0.0|6.0|0.0|2.0|25.0|0.0|0.0|22.0|0.0|0.0|11.0|0.0|0.0|0.0|509.0|64.0|0.0|0.0|
||2004|56.0|0.0|0.0|0.0|0.0|146.0|13.0|0.0|0.0|5.0|0.0|0.0|0.0|0.0|0.0|0.0|0.0|0.0|0.0|0.0|38.0|0.0|16.0|0.0|0.0|1.0|0.0|6.0|4.0|0.0|2.0|1.0|1.0|3.0|0.0|0.0|0.0|0.0|0.0|2.0|0.0|12.0|0.0|4.0|10.0|0.0|0.0|0.0|0.0|0.0|0.0|0.0|6.0|0.0|7.0|0.0|0.0|9.0|0.0|0.0|0.0|58.0|0.0|8.0|9.0|0.0|1.0|46.0|0.0|0.0|37.0|0.0|0.0|0.0|0.0|0.0|4.0|399.0|63.0|10.0|0.0|
||2005|219.0|0.0|0.0|0.0|0.0|148.0|15.0|0.0|0.0|4.0|0.0|0.0|0.0|0.0|0.0|0.0|0.0|4.0|0.0|0.0|127.0|0.0|7.0|0.0|0.0|0.0|0.0|8.0|5.0|0.0|3.0|2.0|1.0|5.0|0.0|0.0|0.0|0.0|0.0|2.0|0.0|36.0|0.0|81.0|6.0|0.0|0.0|0.0|0.0|0.0|0.0|0.0|13.0|0.0|13.0|0.0|0.0|2.0|0.0|0.0|0.0|7.0|0.0|10.0|9.0|100.0|1.0|8.0|0.0|0.0|21.0|0.0|0.0|0.0|0.0|0.0|12.0|245.0|55.0|8.0|0.0|
||2006|19.0|0.0|0.0|0.0|0.0|124.0|14.0|0.0|0.0|5.0|0.0|0.0|0.0|0.0|0.0|0.0|0.0|7.0|0.0|0.0|48.0|0.0|7.0|0.0|0.0|0.0|0.0|4.0|2.0|0.0|2.0|2.0|5.0|17.0|0.0|0.0|0.0|0.0|0.0|5.0|0.0|0.0|0.0|25.0|7.0|0.0|0.0|0.0|0.0|0.0|0.0|0.0|7.0|0.0|7.0|0.0|0.0|4.0|0.0|0.0|0.0|14.0|0.0|40.0|7.0|0.0|2.0|13.0|0.0|0.0|28.0|0.0|0.0|0.0|0.0|0.0|0.0|90.0|73.0|30.0|0.0|
||2007|37.0|0.0|0.0|0.0|0.0|151.0|55.0|0.0|0.0|3.0|0.0|0.0|0.0|0.0|0.0|0.0|0.0|9.0|0.0|0.0|61.0|0.0|16.0|0.0|0.0|0.0|3.0|8.0|6.0|0.0|3.0|0.0|22.0|3.0|0.0|0.0|0.0|0.0|0.0|120.0|0.0|0.0|0.0|29.0|3.0|6.0|8.0|0.0|0.0|0.0|0.0|0.0|6.0|0.0|8.0|0.0|0.0|4.0|0.0|0.0|0.0|10.0|0.0|2.0|6.0|0.0|2.0|8.0|0.0|0.0|23.0|0.0|0.0|0.0|0.0|0.0|0.0|149.0|80.0|7.0|0.0|
||2008|21.0|0.0|21.0|0.0|0.0|150.0|68.0|0.0|0.0|1.0|0.0|0.0|0.0|3.0|0.0|0.0|0.0|1.0|7.0|7.0|101.0|0.0|9.0|0.0|0.0|0.0|4.0|8.0|20.0|0.0|3.0|0.0|9.0|4.0|0.0|0.0|0.0|0.0|0.0|20.0|0.0|0.0|0.0|24.0|7.0|6.0|7.0|0.0|0.0|0.0|45.0|10.0|7.0|0.0|3.0|0.0|0.0|4.0|3.0|0.0|2.0|14.0|0.0|7.0|5.0|0.0|2.0|4.0|0.0|80.0|11.0|3.0|0.0|0.0|0.0|0.0|11.0|1269.0|131.0|10.0|0.0|
||2009|35.0|0.0|5.0|0.0|0.0|111.0|17.0|0.0|0.0|0.0|0.0|0.0|0.0|3.0|0.0|0.0|0.0|5.0|10.0|0.0|114.0|0.0|23.0|0.0|0.0|5.0|5.0|10.0|44.0|0.0|4.0|0.0|6.0|5.0|0.0|0.0|3.0|0.0|0.0|4.0|0.0|2.0|0.0|26.0|14.0|6.0|9.0|0.0|0.0|0.0|49.0|0.0|9.0|0.0|0.0|0.0|0.0|4.0|3.0|0.0|2.0|38.0|0.0|14.0|6.0|0.0|0.0|6.0|0.0|20.0|30.0|0.0|0.0|0.0|0.0|0.0|38.0|1347.0|163.0|22.0|0.0|
||2010|88.0|11.0|2.0|12.0|0.0|130.0|81.0|7.0|0.0|26.0|0.0|0.0|3.0|6.0|0.0|0.0|11.0|11.0|19.0|0.0|77.0|25.0|16.0|12.0|0.0|11.0|5.0|12.0|83.0|17.0|8.0|0.0|3.0|37.0|0.0|2.0|6.0|12.0|0.0|4.0|0.0|26.0|0.0|73.0|21.0|10.0|15.0|8.0|32.0|9.0|43.0|14.0|6.0|33.0|0.0|9.0|9.0|14.0|7.0|0.0|70.0|46.0|4.0|12.0|7.0|0.0|0.0|36.0|3.0|6.0|35.0|20.0|0.0|24.0|0.0|0.0|11.0|1927.0|419.0|8.0|0.0|
||2011|68.0|13.0|3.0|9.0|0.0|155.0|78.0|7.0|1.0|56.0|1.0|0.0|32.0|11.0|0.0|0.0|28.0|14.0|21.0|4.0|46.0|37.0|13.0|19.0|0.0|56.0|5.0|15.0|76.0|105.0|11.0|2.0|0.0|54.0|4.0|4.0|27.0|15.0|0.0|7.0|10.0|55.0|1.0|72.0|44.0|13.0|12.0|4.0|18.0|111.0|47.0|25.0|24.0|29.0|0.0|8.0|16.0|11.0|7.0|27.0|52.0|89.0|4.0|48.0|21.0|0.0|0.0|24.0|8.0|11.0|6.0|23.0|9.0|75.0|0.0|6.0|71.0|1748.0|511.0|15.0|0.0|
||2012|110.0|14.0|1.0|16.0|6.0|169.0|107.0|7.0|1.0|102.0|12.0|72.0|20.0|19.0|2.0|0.0|6.0|22.0|6.0|8.0|101.0|50.0|26.0|20.0|0.0|54.0|6.0|12.0|78.0|90.0|19.0|9.0|2.0|34.0|8.0|19.0|20.0|8.0|0.0|4.0|25.0|26.0|10.0|73.0|61.0|11.0|11.0|6.0|22.0|82.0|41.0|7.0|54.0|54.0|2.0|16.0|15.0|27.0|7.0|23.0|38.0|96.0|5.0|41.0|6.0|47.0|3.0|38.0|8.0|12.0|5.0|56.0|6.0|68.0|23.0|6.0|48.0|2602.0|574.0|12.0|12.0|
||2013|263.0|13.0|4.0|1.0|6.0|351.0|112.0|3.0|2.0|26.0|0.0|45.0|9.0|11.0|0.0|0.0|7.0|18.0|9.0|8.0|94.0|10.0|36.0|4.0|11.0|24.0|0.0|23.0|63.0|18.0|35.0|0.0|3.0|17.0|11.0|9.0|10.0|12.0|1.0|3.0|3.0|27.0|5.0|71.0|77.0|4.0|12.0|7.0|9.0|43.0|34.0|7.0|69.0|34.0|7.0|2.0|2.0|16.0|0.0|10.0|30.0|94.0|3.0|21.0|32.0|2.0|3.0|62.0|5.0|5.0|25.0|11.0|4.0|31.0|18.0|3.0|15.0|3673.0|458.0|11.0|2.0|
||2014|99.0|5.0|18.0|8.0|3.0|288.0|139.0|10.0|14.0|68.0|8.0|41.0|43.0|10.0|5.0|0.0|17.0|40.0|23.0|10.0|154.0|74.0|23.0|19.0|45.0|58.0|4.0|18.0|89.0|50.0|29.0|5.0|3.0|42.0|16.0|4.0|32.0|16.0|5.0|10.0|7.0|39.0|17.0|107.0|91.0|20.0|40.0|20.0|12.0|60.0|138.0|6.0|77.0|74.0|15.0|10.0|16.0|74.0|19.0|26.0|60.0|75.0|20.0|15.0|25.0|36.0|4.0|65.0|10.0|33.0|17.0|6.0|9.0|69.0|22.0|5.0|27.0|3077.0|612.0|34.0|8.0|
||2015|76.0|1.0|15.0|9.0|6.0|229.0|94.0|6.0|15.0|82.0|12.0|40.0|26.0|11.0|4.0|0.0|16.0|27.0|28.0|4.0|158.0|43.0|23.0|27.0|30.0|46.0|1.0|14.0|84.0|38.0|34.0|2.0|6.0|90.0|5.0|4.0|35.0|31.0|3.0|9.0|17.0|64.0|13.0|178.0|105.0|8.0|38.0|5.0|18.0|89.0|49.0|11.0|47.0|61.0|3.0|8.0|3.0|55.0|9.0|19.0|94.0|53.0|22.0|18.0|21.0|76.0|7.0|115.0|5.0|25.0|32.0|37.0|7.0|90.0|17.0|18.0|38.0|3438.0|502.0|20.0|6.0|
||2016|112.0|17.0|16.0|23.0|6.0|268.0|81.0|0.0|20.0|78.0|14.0|59.0|19.0|22.0|5.0|0.0|26.0|25.0|30.0|26.0|133.0|101.0|18.0|22.0|32.0|51.0|0.0|7.0|78.0|55.0|32.0|3.0|6.0|98.0|10.0|6.0|25.0|55.0|5.0|10.0|20.0|142.0|10.0|183.0|92.0|24.0|47.0|24.0|14.0|76.0|45.0|1.0|61.0|55.0|6.0|13.0|11.0|59.0|21.0|43.0|77.0|85.0|2.0|16.0|28.0|71.0|12.0|107.0|7.0|22.0|1.0|21.0|7.0|91.0|39.0|13.0|33.0|3810.0|775.0|8.0|0.0|
||2017|115.0|31.0|10.0|21.0|13.0|371.0|158.0|3.0|20.0|53.0|6.0|82.0|31.0|1.0|9.0|7.0|13.0|13.0|26.0|7.0|160.0|64.0|28.0|51.0|56.0|19.0|0.0|8.0|103.0|58.0|49.0|2.0|5.0|117.0|17.0|9.0|35.0|35.0|16.0|14.0|47.0|156.0|11.0|311.0|175.0|54.0|59.0|15.0|13.0|88.0|52.0|3.0|88.0|75.0|3.0|23.0|20.0|25.0|20.0|22.0|57.0|72.0|7.0|17.0|11.0|79.0|13.0|75.0|5.0|20.0|14.0|22.0|6.0|110.0|70.0|8.0|41.0|4579.0|624.0|22.0|0.0|
||2018|143.0|13.0|15.0|33.0|37.0|367.0|180.0|4.0|11.0|72.0|5.0|115.0|28.0|1.0|10.0|1.0|14.0|12.0|39.0|25.0|194.0|89.0|105.0|10.0|51.0|54.0|2.0|15.0|105.0|50.0|43.0|3.0|2.0|126.0|17.0|10.0|28.0|22.0|7.0|9.0|36.0|111.0|8.0|366.0|69.0|81.0|63.0|19.0|39.0|84.0|69.0|6.0|106.0|132.0|20.0|13.0|20.0|67.0|17.0|19.0|81.0|101.0|9.0|26.0|28.0|98.0|19.0|90.0|18.0|37.0|8.0|18.0|8.0|90.0|46.0|23.0|34.0|4472.0|716.0|39.0|3.0|
||2019|211.0|4.0|24.0|34.0|48.0|331.0|201.0|1.0|22.0|105.0|5.0|86.0|40.0|45.0|4.0|11.0|30.0|27.0|55.0|35.0|202.0|204.0|39.0|45.0|35.0|88.0|5.0|41.0|147.0|53.0|39.0|18.0|0.0|121.0|8.0|7.0|25.0|35.0|21.0|6.0|50.0|105.0|5.0|275.0|117.0|16.0|62.0|33.0|27.0|83.0|60.0|0.0|60.0|132.0|10.0|17.0|11.0|63.0|15.0|21.0|62.0|82.0|0.0|35.0|27.0|72.0|34.0|125.0|9.0|13.0|5.0|13.0|20.0|88.0|35.0|30.0|36.0|4716.0|746.0|25.0|3.0|
||2020|85.0|0.0|21.0|25.0|8.0|261.0|137.0|0.0|7.0|48.0|1.0|70.0|16.0|9.0|6.0|9.0|4.0|10.0|48.0|16.0|100.0|84.0|29.0|26.0|17.0|42.0|1.0|26.0|96.0|30.0|14.0|5.0|0.0|66.0|21.0|5.0|12.0|5.0|29.0|8.0|24.0|42.0|5.0|205.0|62.0|9.0|27.0|29.0|39.0|41.0|28.0|0.0|50.0|45.0|15.0|12.0|0.0|30.0|1.0|14.0|73.0|39.0|0.0|20.0|17.0|41.0|11.0|67.0|15.0|14.0|9.0|7.0|3.0|31.0|41.0|13.0|26.0|3277.0|417.0|40.0|0.0|
||2021|36.0|0.0|7.0|0.0|3.0|80.0|59.0|0.0|0.0|8.0|1.0|66.0|0.0|1.0|0.0|0.0|0.0|2.0|0.0|4.0|44.0|23.0|12.0|9.0|10.0|9.0|2.0|12.0|27.0|6.0|7.0|0.0|0.0|13.0|0.0|0.0|0.0|0.0|1.0|1.0|7.0|31.0|1.0|39.0|22.0|3.0|2.0|1.0|6.0|24.0|6.0|5.0|21.0|15.0|1.0|0.0|2.0|16.0|0.0|4.0|0.0|26.0|0.0|9.0|16.0|18.0|5.0|6.0|0.0|1.0|7.0|3.0|0.0|3.0|15.0|3.0|14.0|670.0|204.0|16.0|0.0|
||2022|96.0|0.0|6.0|22.0|24.0|392.0|193.0|1.0|4.0|72.0|12.0|139.0|25.0|31.0|0.0|21.0|7.0|30.0|9.0|45.0|119.0|128.0|60.0|33.0|41.0|61.0|7.0|21.0|90.0|69.0|7.0|25.0|0.0|107.0|20.0|8.0|23.0|19.0|28.0|18.0|43.0|55.0|9.0|301.0|73.0|14.0|28.0|9.0|12.0|75.0|123.0|10.0|62.0|144.0|7.0|20.0|18.0|83.0|18.0|15.0|90.0|61.0|2.0|23.0|44.0|82.0|24.0|69.0|12.0|23.0|52.0|15.0|7.0|49.0|59.0|14.0|35.0|4026.0|508.0|26.0|15.0|
||2023|101.0|0.0|14.0|27.0|19.0|517.0|199.0|8.0|4.0|57.0|5.0|149.0|20.0|12.0|5.0|0.0|15.0|17.0|17.0|37.0|495.0|83.0|45.0|2.0|46.0|69.0|2.0|26.0|60.0|45.0|7.0|7.0|8.0|31.0|10.0|6.0|12.0|22.0|31.0|23.0|35.0|95.0|3.0|303.0|62.0|15.0|55.0|35.0|18.0|58.0|81.0|13.0|70.0|239.0|20.0|7.0|20.0|61.0|4.0|22.0|81.0|63.0|0.0|28.0|42.0|100.0|19.0|64.0|10.0|15.0|40.0|12.0|1.0|40.0|42.0|5.0|48.0|3533.0|584.0|25.0|2.0|
||2024|157.0|2.0|30.0|34.0|27.0|537.0|328.0|4.0|7.0|87.0|10.0|204.0|25.0|10.0|4.0|11.0|18.0|15.0|21.0|35.0|312.0|81.0|37.0|29.0|40.0|77.0|8.0|43.0|109.0|121.0|10.0|8.0|1.0|268.0|27.0|18.0|15.0|48.0|38.0|25.0|36.0|80.0|15.0|338.0|101.0|18.0|65.0|35.0|92.0|42.0|62.0|14.0|112.0|107.0|30.0|25.0|25.0|98.0|19.0|29.0|78.0|77.0|3.0|63.0|70.0|132.0|12.0|185.0|8.0|46.0|51.0|15.0|15.0|44.0|71.0|15.0|38.0|4545.0|667.0|33.0|2.0|
Gösteri Sayısı|Ölçüm bazında|2000|141.0|6.0|0.0|0.0|0.0|2027.0|214.0|0.0|0.0|100.0|0.0|0.0|110.0|31.0|0.0|0.0|0.0|0.0|0.0|0.0|347.0|0.0|226.0|0.0|65.0|21.0|0.0|248.0|42.0|0.0|27.0|0.0|0.0|15.0|19.0|0.0|0.0|0.0|0.0|0.0|0.0|0.0|0.0|65.0|85.0|0.0|0.0|0.0|0.0|31.0|0.0|0.0|177.0|3.0|0.0|0.0|0.0|0.0|0.0|0.0|0.0|127.0|0.0|0.0|152.0|0.0|0.0|202.0|0.0|0.0|243.0|40.0|0.0|42.0|0.0|0.0|52.0|5707.0|650.0|0.0|0.0|
||2001|203.0|0.0|0.0|0.0|0.0|2016.0|452.0|0.0|0.0|57.0|0.0|0.0|132.0|0.0|0.0|0.0|0.0|0.0|0.0|0.0|604.0|0.0|167.0|0.0|75.0|0.0|0.0|136.0|131.0|0.0|55.0|0.0|0.0|12.0|0.0|0.0|0.0|0.0|0.0|0.0|0.0|0.0|0.0|129.0|133.0|0.0|0.0|0.0|0.0|37.0|0.0|0.0|304.0|2.0|0.0|0.0|0.0|113.0|0.0|0.0|0.0|302.0|0.0|0.0|163.0|0.0|0.0|171.0|0.0|0.0|135.0|0.0|0.0|65.0|0.0|0.0|10.0|3042.0|608.0|0.0|0.0|
||2002|300.0|0.0|0.0|0.0|0.0|3105.0|237.0|0.0|0.0|781.0|0.0|0.0|100.0|0.0|0.0|0.0|0.0|0.0|0.0|0.0|392.0|0.0|119.0|0.0|0.0|1.0|0.0|161.0|212.0|0.0|60.0|0.0|0.0|24.0|2.0|0.0|31.0|0.0|0.0|15.0|0.0|52.0|0.0|0.0|146.0|0.0|0.0|0.0|0.0|0.0|0.0|0.0|80.0|4.0|0.0|0.0|0.0|0.0|0.0|0.0|0.0|267.0|0.0|0.0|139.0|0.0|125.0|202.0|0.0|0.0|123.0|0.0|0.0|48.0|0.0|0.0|32.0|2808.0|705.0|0.0|0.0|
||2003|825.0|0.0|0.0|0.0|0.0|2583.0|233.0|0.0|0.0|32.0|0.0|0.0|0.0|0.0|0.0|0.0|0.0|0.0|0.0|0.0|354.0|0.0|133.0|0.0|0.0|3.0|0.0|167.0|0.0|0.0|61.0|0.0|0.0|0.0|3.0|0.0|0.0|0.0|0.0|35.0|0.0|30.0|0.0|40.0|178.0|0.0|0.0|0.0|0.0|0.0|0.0|153.0|72.0|4.0|0.0|0.0|0.0|0.0|0.0|0.0|0.0|254.0|0.0|0.0|146.0|0.0|50.0|30.0|0.0|0.0|160.0|0.0|0.0|40.0|0.0|0.0|0.0|6659.0|1060.0|0.0|0.0|
||2004|593.0|0.0|0.0|0.0|0.0|2744.0|279.0|0.0|0.0|81.0|0.0|0.0|0.0|0.0|0.0|0.0|0.0|0.0|0.0|0.0|548.0|0.0|115.0|0.0|0.0|1.0|0.0|162.0|82.0|0.0|74.0|1.0|6.0|20.0|0.0|0.0|0.0|0.0|0.0|34.0|0.0|12.0|0.0|4.0|158.0|0.0|0.0|0.0|0.0|0.0|0.0|0.0|111.0|0.0|12.0|0.0|0.0|192.0|0.0|0.0|0.0|173.0|0.0|30.0|145.0|0.0|42.0|187.0|0.0|0.0|245.0|0.0|0.0|0.0|0.0|0.0|38.0|5301.0|1157.0|40.0|0.0|
||2005|845.0|0.0|0.0|0.0|0.0|3081.0|239.0|0.0|0.0|77.0|0.0|0.0|0.0|0.0|0.0|0.0|0.0|13.0|0.0|0.0|774.0|0.0|208.0|0.0|0.0|0.0|0.0|189.0|101.0|0.0|28.0|2.0|2.0|21.0|0.0|0.0|0.0|0.0|0.0|6.0|0.0|36.0|0.0|178.0|176.0|0.0|0.0|0.0|0.0|0.0|0.0|0.0|441.0|0.0|26.0|0.0|0.0|70.0|0.0|0.0|0.0|143.0|0.0|60.0|144.0|100.0|39.0|170.0|0.0|0.0|173.0|0.0|0.0|0.0|0.0|0.0|110.0|3178.0|800.0|23.0|0.0|
||2006|657.0|0.0|0.0|0.0|0.0|2876.0|206.0|0.0|0.0|83.0|0.0|0.0|0.0|0.0|0.0|0.0|0.0|33.0|0.0|0.0|568.0|0.0|175.0|0.0|0.0|0.0|0.0|153.0|88.0|0.0|36.0|3.0|19.0|17.0|0.0|0.0|0.0|0.0|0.0|35.0|0.0|0.0|0.0|257.0|168.0|0.0|0.0|0.0|0.0|0.0|0.0|0.0|263.0|0.0|29.0|0.0|0.0|120.0|0.0|0.0|0.0|347.0|0.0|200.0|142.0|0.0|70.0|184.0|0.0|0.0|188.0|0.0|0.0|0.0|0.0|0.0|0.0|1827.0|736.0|30.0|0.0|
||2007|630.0|0.0|0.0|0.0|0.0|3189.0|371.0|0.0|0.0|56.0|0.0|0.0|0.0|0.0|0.0|0.0|0.0|19.0|0.0|0.0|362.0|0.0|269.0|0.0|0.0|0.0|6.0|258.0|89.0|0.0|35.0|0.0|28.0|19.0|0.0|0.0|0.0|0.0|0.0|360.0|0.0|0.0|0.0|287.0|29.0|144.0|114.0|0.0|0.0|0.0|0.0|0.0|47.0|0.0|45.0|0.0|0.0|38.0|0.0|0.0|0.0|171.0|0.0|30.0|150.0|0.0|50.0|161.0|0.0|0.0|191.0|0.0|0.0|0.0|0.0|0.0|0.0|2190.0|916.0|35.0|0.0|
||2008|1435.0|0.0|305.0|0.0|0.0|2841.0|412.0|0.0|0.0|15.0|0.0|0.0|0.0|46.0|0.0|0.0|0.0|9.0|28.0|49.0|636.0|0.0|198.0|0.0|0.0|0.0|8.0|184.0|404.0|0.0|62.0|0.0|12.0|17.0|0.0|0.0|0.0|0.0|0.0|100.0|0.0|0.0|0.0|358.0|151.0|96.0|140.0|0.0|0.0|0.0|250.0|20.0|152.0|0.0|5.0|0.0|0.0|107.0|3.0|0.0|5.0|374.0|0.0|140.0|124.0|0.0|624.0|109.0|0.0|100.0|116.0|150.0|0.0|0.0|0.0|0.0|23.0|6349.0|925.0|328.0|0.0|
||2009|641.0|0.0|76.0|0.0|0.0|3009.0|372.0|0.0|0.0|0.0|0.0|0.0|0.0|37.0|0.0|0.0|0.0|54.0|24.0|0.0|651.0|0.0|209.0|0.0|0.0|15.0|10.0|315.0|596.0|0.0|45.0|0.0|30.0|27.0|0.0|0.0|12.0|0.0|0.0|7.0|0.0|13.0|0.0|370.0|267.0|96.0|180.0|0.0|0.0|0.0|150.0|0.0|52.0|0.0|0.0|0.0|0.0|83.0|11.0|0.0|17.0|1079.0|0.0|100.0|161.0|0.0|0.0|125.0|0.0|20.0|311.0|0.0|0.0|0.0|0.0|0.0|90.0|8282.0|1178.0|88.0|0.0|
||2010|883.0|15.0|26.0|16.0|0.0|3045.0|339.0|14.0|0.0|104.0|0.0|0.0|48.0|92.0|0.0|0.0|11.0|26.0|24.0|0.0|721.0|79.0|239.0|70.0|0.0|50.0|5.0|321.0|636.0|54.0|156.0|0.0|7.0|81.0|0.0|5.0|6.0|12.0|0.0|9.0|0.0|53.0|0.0|447.0|204.0|14.0|232.0|24.0|61.0|13.0|191.0|19.0|65.0|104.0|0.0|18.0|21.0|454.0|44.0|0.0|148.0|804.0|8.0|186.0|154.0|0.0|0.0|305.0|4.0|113.0|245.0|72.0|0.0|35.0|0.0|0.0|12.0|12200.0|1950.0|84.0|0.0|
||2011|900.0|16.0|34.0|13.0|0.0|2975.0|550.0|12.0|1.0|217.0|1.0|0.0|56.0|135.0|0.0|0.0|57.0|226.0|31.0|7.0|816.0|82.0|241.0|73.0|0.0|109.0|21.0|254.0|654.0|106.0|120.0|3.0|0.0|142.0|4.0|6.0|45.0|18.0|0.0|15.0|21.0|164.0|1.0|661.0|249.0|44.0|147.0|4.0|35.0|417.0|178.0|38.0|244.0|39.0|0.0|11.0|30.0|136.0|48.0|59.0|61.0|630.0|6.0|246.0|56.0|0.0|0.0|258.0|32.0|24.0|31.0|60.0|34.0|209.0|0.0|10.0|178.0|9003.0|1966.0|91.0|0.0|
||2012|883.0|18.0|22.0|36.0|8.0|2919.0|592.0|15.0|2.0|222.0|156.0|106.0|31.0|118.0|2.0|0.0|28.0|139.0|8.0|8.0|1132.0|150.0|405.0|50.0|0.0|106.0|9.0|178.0|500.0|92.0|128.0|10.0|4.0|114.0|10.0|21.0|47.0|14.0|0.0|6.0|51.0|95.0|26.0|393.0|345.0|97.0|76.0|8.0|52.0|329.0|188.0|15.0|128.0|88.0|3.0|17.0|48.0|225.0|7.0|39.0|53.0|599.0|5.0|69.0|43.0|155.0|6.0|327.0|19.0|22.0|41.0|67.0|36.0|165.0|50.0|10.0|120.0|10454.0|2172.0|99.0|12.0|
||2013|1394.0|13.0|23.0|2.0|37.0|4313.0|578.0|14.0|2.0|94.0|0.0|145.0|13.0|137.0|0.0|0.0|9.0|56.0|15.0|9.0|679.0|23.0|496.0|49.0|16.0|47.0|0.0|238.0|591.0|50.0|118.0|0.0|3.0|123.0|22.0|16.0|12.0|20.0|1.0|8.0|20.0|134.0|10.0|381.0|831.0|77.0|469.0|15.0|12.0|145.0|178.0|10.0|246.0|85.0|21.0|2.0|3.0|54.0|0.0|18.0|37.0|437.0|3.0|40.0|206.0|3.0|3.0|309.0|10.0|17.0|186.0|25.0|27.0|52.0|53.0|3.0|24.0|12926.0|1820.0|94.0|7.0|
||2014|554.0|5.0|19.0|9.0|9.0|4159.0|678.0|39.0|20.0|238.0|8.0|119.0|48.0|125.0|13.0|0.0|55.0|72.0|43.0|32.0|1296.0|364.0|149.0|54.0|171.0|103.0|8.0|183.0|554.0|273.0|120.0|6.0|3.0|124.0|21.0|4.0|71.0|19.0|5.0|16.0|12.0|76.0|33.0|396.0|501.0|73.0|175.0|28.0|16.0|212.0|284.0|6.0|159.0|109.0|28.0|10.0|31.0|80.0|24.0|42.0|101.0|335.0|25.0|35.0|57.0|46.0|5.0|330.0|20.0|53.0|166.0|6.0|14.0|148.0|29.0|12.0|73.0|12858.0|2296.0|175.0|9.0|
||2015|950.0|1.0|42.0|15.0|8.0|3510.0|619.0|12.0|15.0|429.0|36.0|123.0|42.0|91.0|4.0|0.0|23.0|39.0|67.0|6.0|2441.0|311.0|296.0|35.0|65.0|82.0|2.0|160.0|444.0|92.0|144.0|3.0|50.0|142.0|10.0|5.0|139.0|32.0|4.0|17.0|40.0|122.0|13.0|672.0|737.0|67.0|121.0|17.0|37.0|214.0|174.0|11.0|148.0|183.0|3.0|28.0|12.0|591.0|10.0|34.0|262.0|263.0|28.0|28.0|65.0|173.0|20.0|322.0|9.0|53.0|248.0|105.0|45.0|172.0|22.0|33.0|98.0|11140.0|1331.0|94.0|6.0|
||2016|1042.0|23.0|50.0|41.0|10.0|4024.0|619.0|0.0|24.0|303.0|22.0|152.0|45.0|380.0|5.0|0.0|32.0|31.0|50.0|68.0|892.0|347.0|129.0|40.0|56.0|77.0|0.0|121.0|425.0|134.0|104.0|3.0|11.0|194.0|17.0|13.0|46.0|83.0|9.0|17.0|38.0|227.0|11.0|707.0|293.0|32.0|151.0|44.0|23.0|207.0|77.0|6.0|155.0|145.0|8.0|13.0|21.0|147.0|38.0|69.0|134.0|266.0|2.0|20.0|240.0|82.0|18.0|681.0|10.0|61.0|1.0|31.0|28.0|195.0|52.0|21.0|80.0|11279.0|1500.0|64.0|0.0|
||2017|1422.0|33.0|77.0|41.0|13.0|5047.0|892.0|5.0|32.0|157.0|6.0|261.0|84.0|1.0|16.0|7.0|42.0|25.0|41.0|23.0|1128.0|132.0|221.0|64.0|56.0|50.0|0.0|121.0|497.0|110.0|176.0|4.0|8.0|217.0|43.0|17.0|83.0|51.0|39.0|27.0|88.0|285.0|15.0|970.0|323.0|65.0|137.0|29.0|24.0|322.0|152.0|3.0|244.0|207.0|4.0|29.0|41.0|289.0|31.0|40.0|91.0|167.0|26.0|27.0|94.0|132.0|15.0|349.0|10.0|62.0|147.0|32.0|132.0|231.0|323.0|10.0|100.0|13178.0|1905.0|92.0|0.0|
||2018|1186.0|22.0|40.0|52.0|63.0|4365.0|804.0|7.0|16.0|158.0|8.0|226.0|42.0|1.0|22.0|1.0|20.0|35.0|84.0|83.0|1000.0|661.0|472.0|46.0|77.0|118.0|2.0|191.0|690.0|159.0|122.0|4.0|5.0|286.0|31.0|16.0|52.0|35.0|17.0|18.0|80.0|177.0|24.0|1438.0|287.0|143.0|180.0|36.0|84.0|234.0|198.0|6.0|360.0|181.0|30.0|34.0|49.0|333.0|23.0|34.0|144.0|218.0|9.0|43.0|162.0|224.0|36.0|405.0|33.0|65.0|733.0|28.0|26.0|204.0|86.0|52.0|100.0|14176.0|1794.0|63.0|3.0|
||2019|1434.0|7.0|65.0|59.0|90.0|3904.0|880.0|3.0|24.0|261.0|10.0|148.0|80.0|84.0|5.0|11.0|67.0|50.0|74.0|191.0|1450.0|418.0|442.0|57.0|43.0|175.0|38.0|429.0|812.0|132.0|106.0|39.0|0.0|344.0|29.0|17.0|54.0|74.0|26.0|14.0|114.0|158.0|13.0|2358.0|378.0|28.0|207.0|57.0|47.0|197.0|171.0|0.0|127.0|307.0|18.0|31.0|22.0|278.0|24.0|98.0|99.0|170.0|0.0|55.0|137.0|125.0|52.0|476.0|26.0|18.0|55.0|22.0|33.0|179.0|47.0|55.0|92.0|13535.0|1846.0|29.0|5.0|
||2020|1034.0|0.0|40.0|51.0|16.0|2895.0|435.0|0.0|8.0|97.0|3.0|137.0|24.0|19.0|10.0|9.0|5.0|19.0|83.0|54.0|567.0|236.0|226.0|35.0|26.0|156.0|1.0|260.0|437.0|80.0|56.0|8.0|0.0|284.0|59.0|11.0|28.0|14.0|64.0|14.0|59.0|53.0|10.0|727.0|275.0|18.0|86.0|47.0|42.0|242.0|87.0|0.0|105.0|111.0|46.0|23.0|0.0|140.0|2.0|28.0|131.0|79.0|0.0|35.0|118.0|61.0|12.0|221.0|32.0|31.0|54.0|12.0|3.0|66.0|108.0|18.0|63.0|8242.0|1233.0|54.0|0.0|
||2021|179.0|0.0|14.0|0.0|3.0|582.0|203.0|0.0|0.0|27.0|1.0|123.0|0.0|1.0|0.0|0.0|0.0|5.0|0.0|6.0|170.0|40.0|134.0|16.0|20.0|20.0|2.0|116.0|31.0|15.0|7.0|0.0|0.0|53.0|0.0|0.0|0.0|0.0|1.0|2.0|11.0|49.0|1.0|78.0|71.0|3.0|2.0|1.0|10.0|53.0|8.0|9.0|29.0|26.0|1.0|0.0|2.0|23.0|0.0|7.0|0.0|63.0|0.0|10.0|71.0|33.0|5.0|10.0|0.0|35.0|43.0|3.0|0.0|8.0|16.0|5.0|26.0|1340.0|434.0|27.0|0.0|
||2022|555.0|0.0|61.0|32.0|35.0|3098.0|712.0|3.0|4.0|122.0|18.0|230.0|43.0|127.0|0.0|24.0|7.0|60.0|17.0|70.0|552.0|316.0|313.0|66.0|77.0|111.0|12.0|233.0|361.0|105.0|60.0|27.0|0.0|172.0|131.0|12.0|45.0|35.0|57.0|47.0|68.0|88.0|19.0|989.0|441.0|22.0|33.0|9.0|12.0|139.0|349.0|11.0|231.0|203.0|19.0|22.0|27.0|153.0|45.0|29.0|125.0|106.0|2.0|45.0|165.0|146.0|24.0|245.0|24.0|38.0|563.0|24.0|11.0|75.0|108.0|18.0|74.0|10754.0|1627.0|51.0|34.0|
||2023|781.0|0.0|31.0|39.0|29.0|3794.0|640.0|13.0|4.0|105.0|12.0|293.0|32.0|28.0|5.0|0.0|25.0|31.0|21.0|73.0|1661.0|180.0|318.0|6.0|158.0|83.0|2.0|299.0|312.0|131.0|30.0|10.0|16.0|102.0|10.0|14.0|21.0|51.0|53.0|42.0|46.0|145.0|5.0|830.0|815.0|28.0|68.0|55.0|25.0|93.0|142.0|15.0|174.0|329.0|34.0|10.0|27.0|211.0|4.0|35.0|133.0|237.0|0.0|43.0|209.0|281.0|19.0|408.0|16.0|40.0|523.0|20.0|1.0|75.0|100.0|8.0|94.0|10659.0|1905.0|78.0|4.0|
||2024|1009.0|7.0|57.0|47.0|53.0|4060.0|1113.0|5.0|9.0|122.0|14.0|476.0|38.0|21.0|4.0|16.0|25.0|46.0|25.0|77.0|1169.0|274.0|454.0|102.0|95.0|144.0|8.0|450.0|394.0|494.0|50.0|9.0|4.0|1781.0|54.0|32.0|37.0|97.0|63.0|48.0|64.0|306.0|53.0|1107.0|551.0|39.0|479.0|55.0|92.0|80.0|126.0|22.0|186.0|176.0|43.0|30.0|43.0|259.0|26.0|52.0|127.0|172.0|4.0|120.0|297.0|394.0|17.0|512.0|12.0|78.0|911.0|20.0|35.0|51.0|111.0|17.0|90.0|13323.0|2224.0|113.0|3.0|
Koltuk Sayısı|Ölçüm bazında|2000|1495.0|350.0|0.0|0.0|0.0|5321.0|650.0|0.0|0.0|270.0|0.0|0.0|237.0|400.0|0.0|0.0|0.0|0.0|0.0|0.0|1588.0|0.0|721.0|0.0|412.0|350.0|0.0|494.0|200.0|0.0|200.0|0.0|0.0|300.0|1000.0|0.0|0.0|0.0|0.0|0.0|0.0|0.0|0.0|535.0|443.0|0.0|0.0|0.0|0.0|300.0|0.0|0.0|120.0|288.0|0.0|0.0|0.0|0.0|0.0|0.0|0.0|861.0|0.0|0.0|387.0|0.0|0.0|550.0|0.0|0.0|928.0|185.0|0.0|120.0|0.0|0.0|600.0|14962.0|5639.0|0.0|0.0|
||2001|1003.0|0.0|0.0|0.0|0.0|4842.0|1781.0|0.0|0.0|380.0|0.0|0.0|400.0|0.0|0.0|0.0|0.0|0.0|0.0|0.0|1917.0|0.0|373.0|0.0|412.0|0.0|0.0|247.0|1152.0|0.0|200.0|0.0|0.0|300.0|0.0|0.0|0.0|0.0|0.0|0.0|0.0|0.0|0.0|535.0|427.0|0.0|0.0|0.0|0.0|360.0|0.0|0.0|120.0|288.0|0.0|0.0|0.0|215.0|0.0|0.0|0.0|754.0|0.0|0.0|941.0|0.0|0.0|375.0|0.0|0.0|442.0|0.0|0.0|120.0|0.0|0.0|418.0|13363.0|5250.0|0.0|0.0|
||2002|1420.0|0.0|0.0|0.0|0.0|4456.0|649.0|0.0|0.0|2926.0|0.0|0.0|263.0|0.0|0.0|0.0|0.0|0.0|0.0|0.0|1415.0|0.0|373.0|0.0|0.0|350.0|0.0|847.0|380.0|0.0|178.0|0.0|0.0|147.0|1000.0|0.0|300.0|0.0|0.0|304.0|0.0|301.0|0.0|0.0|427.0|400.0|0.0|0.0|0.0|0.0|0.0|0.0|578.0|288.0|0.0|0.0|0.0|0.0|0.0|0.0|0.0|465.0|0.0|0.0|620.0|0.0|363.0|525.0|0.0|0.0|486.0|0.0|0.0|112.0|0.0|0.0|418.0|12643.0|7769.0|0.0|0.0|
||2003|2378.0|0.0|0.0|0.0|0.0|4393.0|649.0|0.0|0.0|210.0|0.0|0.0|0.0|0.0|0.0|0.0|0.0|0.0|0.0|0.0|678.0|0.0|373.0|0.0|0.0|350.0|0.0|427.0|0.0|0.0|178.0|0.0|0.0|0.0|1000.0|0.0|0.0|0.0|0.0|300.0|0.0|300.0|0.0|380.0|777.0|0.0|0.0|0.0|0.0|0.0|0.0|387.0|110.0|288.0|0.0|0.0|0.0|0.0|0.0|0.0|0.0|991.0|0.0|0.0|375.0|0.0|36.0|150.0|0.0|0.0|1162.0|0.0|0.0|112.0|0.0|0.0|0.0|14420.0|7829.0|0.0|0.0|
||2004|1347.0|0.0|0.0|0.0|0.0|6917.0|839.0|0.0|0.0|210.0|0.0|0.0|0.0|0.0|0.0|0.0|0.0|0.0|0.0|0.0|2877.0|0.0|373.0|0.0|0.0|350.0|0.0|247.0|200.0|0.0|178.0|370.0|350.0|147.0|0.0|0.0|0.0|0.0|0.0|311.0|0.0|536.0|0.0|380.0|427.0|0.0|0.0|0.0|0.0|0.0|0.0|0.0|110.0|0.0|550.0|0.0|0.0|209.0|0.0|0.0|0.0|1203.0|0.0|270.0|344.0|0.0|40.0|525.0|0.0|0.0|1925.0|0.0|0.0|0.0|0.0|0.0|412.0|11944.0|2815.0|350.0|0.0|
||2005|1327.0|0.0|0.0|0.0|0.0|7635.0|1088.0|0.0|0.0|210.0|0.0|0.0|0.0|0.0|0.0|0.0|0.0|425.0|0.0|0.0|5410.0|0.0|707.0|0.0|0.0|0.0|0.0|247.0|200.0|0.0|178.0|350.0|350.0|280.0|0.0|0.0|0.0|0.0|0.0|311.0|0.0|762.0|0.0|1220.0|427.0|0.0|0.0|0.0|0.0|0.0|0.0|0.0|260.0|0.0|510.0|0.0|0.0|209.0|0.0|0.0|0.0|1308.0|0.0|270.0|344.0|271.0|36.0|498.0|0.0|0.0|3952.0|0.0|0.0|0.0|0.0|0.0|400.0|9284.0|7652.0|317.0|0.0|
||2006|1347.0|0.0|0.0|0.0|0.0|8249.0|1977.0|0.0|0.0|430.0|0.0|0.0|0.0|0.0|0.0|0.0|0.0|420.0|0.0|0.0|1905.0|0.0|709.0|0.0|0.0|0.0|0.0|247.0|200.0|0.0|178.0|370.0|750.0|300.0|0.0|0.0|0.0|0.0|0.0|311.0|0.0|0.0|0.0|820.0|427.0|0.0|0.0|0.0|0.0|0.0|0.0|0.0|220.0|0.0|670.0|0.0|0.0|209.0|0.0|0.0|0.0|733.0|0.0|300.0|344.0|0.0|36.0|470.0|0.0|0.0|3369.0|0.0|0.0|0.0|0.0|0.0|0.0|10972.0|1902.0|310.0|0.0|
||2007|1319.0|0.0|0.0|0.0|0.0|9142.0|3240.0|0.0|0.0|636.0|0.0|0.0|0.0|0.0|0.0|0.0|0.0|461.0|0.0|0.0|2716.0|0.0|706.0|0.0|0.0|0.0|460.0|655.0|200.0|0.0|178.0|0.0|750.0|612.0|0.0|0.0|0.0|0.0|0.0|311.0|0.0|0.0|0.0|1410.0|293.0|400.0|660.0|0.0|0.0|0.0|0.0|0.0|200.0|0.0|710.0|0.0|0.0|209.0|0.0|0.0|0.0|930.0|0.0|350.0|344.0|0.0|36.0|460.0|0.0|0.0|3350.0|0.0|0.0|0.0|0.0|0.0|0.0|8159.0|3305.0|300.0|0.0|
||2008|1409.0|0.0|569.0|0.0|0.0|8967.0|1730.0|0.0|0.0|636.0|0.0|0.0|0.0|300.0|0.0|0.0|0.0|210.0|200.0|280.0|3183.0|0.0|701.0|0.0|0.0|0.0|360.0|655.0|1147.0|0.0|170.0|0.0|650.0|612.0|0.0|0.0|0.0|0.0|0.0|311.0|0.0|0.0|0.0|1415.0|293.0|390.0|403.0|0.0|0.0|0.0|2219.0|470.0|1100.0|0.0|550.0|0.0|0.0|207.0|1000.0|0.0|250.0|1493.0|0.0|300.0|344.0|0.0|200.0|330.0|0.0|351.0|1408.0|185.0|0.0|0.0|0.0|0.0|350.0|23281.0|11970.0|325.0|0.0|
||2009|1499.0|0.0|660.0|0.0|0.0|7621.0|908.0|0.0|0.0|0.0|0.0|0.0|0.0|297.0|0.0|0.0|0.0|214.0|200.0|0.0|2188.0|0.0|701.0|0.0|0.0|3000.0|500.0|655.0|2391.0|0.0|170.0|0.0|300.0|270.0|0.0|0.0|480.0|0.0|0.0|311.0|0.0|544.0|0.0|845.0|893.0|390.0|633.0|0.0|0.0|0.0|1641.0|0.0|1020.0|0.0|0.0|0.0|0.0|207.0|654.0|0.0|676.0|1414.0|0.0|550.0|344.0|0.0|0.0|330.0|0.0|351.0|1699.0|0.0|0.0|0.0|0.0|0.0|418.0|32448.0|12352.0|325.0|0.0|
||2010|1633.0|638.0|300.0|1068.0|0.0|8218.0|2271.0|180.0|0.0|5025.0|0.0|0.0|120.0|566.0|0.0|0.0|725.0|850.0|1099.0|0.0|6911.0|1977.0|701.0|723.0|0.0|1077.0|500.0|510.0|3544.0|1050.0|418.0|0.0|300.0|1526.0|0.0|500.0|658.0|1150.0|0.0|650.0|0.0|2526.0|0.0|3866.0|893.0|383.0|1143.0|342.0|1978.0|1276.0|2091.0|1106.0|1020.0|10850.0|0.0|1625.0|1410.0|397.0|994.0|0.0|2588.0|1528.0|700.0|650.0|344.0|0.0|0.0|470.0|505.0|801.0|892.0|546.0|0.0|735.0|0.0|0.0|724.0|45886.0|22411.0|1593.0|0.0|
||2011|2722.0|638.0|300.0|1488.0|0.0|7306.0|3575.0|380.0|445.0|4745.0|245.0|0.0|247.0|594.0|0.0|0.0|810.0|410.0|891.0|600.0|5448.0|3892.0|721.0|735.0|0.0|2106.0|1000.0|1785.0|3140.0|1050.0|334.0|376.0|0.0|2834.0|755.0|360.0|963.0|1683.0|0.0|650.0|574.0|3081.0|250.0|3322.0|2393.0|1322.0|150.0|656.0|1076.0|3057.0|2494.0|1116.0|2267.0|11526.0|0.0|1704.0|1374.0|1090.0|1250.0|820.0|2365.0|1440.0|650.0|1210.0|2189.0|0.0|0.0|2295.0|580.0|491.0|412.0|1099.0|2415.0|736.0|0.0|306.0|706.0|54736.0|27840.0|1800.0|0.0|
||2012|3629.0|638.0|305.0|1033.0|705.0|7713.0|4056.0|420.0|445.0|5421.0|520.0|6500.0|886.0|812.0|378.0|0.0|1043.0|955.0|891.0|559.0|9083.0|3505.0|1196.0|705.0|0.0|2329.0|406.0|1785.0|4132.0|897.0|1219.0|395.0|300.0|2907.0|500.0|505.0|2283.0|1691.0|0.0|300.0|574.0|2981.0|330.0|3812.0|2319.0|1348.0|337.0|342.0|1980.0|3509.0|3485.0|1907.0|3891.0|11447.0|230.0|2781.0|830.0|1224.0|507.0|1632.0|1307.0|3113.0|804.0|1140.0|2350.0|610.0|750.0|3517.0|1530.0|491.0|412.0|1119.0|1955.0|2400.0|3059.0|306.0|774.0|55999.0|29541.0|795.0|950.0|
||2013|3361.0|638.0|1955.0|2198.0|663.0|11055.0|5339.0|380.0|6295.0|3602.0|280.0|11992.0|1348.0|816.0|309.0|0.0|910.0|1178.0|899.0|860.0|6067.0|3859.0|1429.0|730.0|972.0|2859.0|406.0|1285.0|3719.0|874.0|956.0|580.0|300.0|3150.0|1325.0|505.0|2561.0|800.0|370.0|642.0|696.0|4296.0|330.0|3806.0|2815.0|1532.0|723.0|342.0|1296.0|5765.0|2748.0|1747.0|7964.0|10600.0|960.0|2464.0|819.0|2220.0|1100.0|1020.0|2820.0|2696.0|688.0|1690.0|1499.0|605.0|751.0|2710.0|1901.0|491.0|561.0|995.0|1422.0|4245.0|4490.0|319.0|724.0|61459.0|21955.0|780.0|300.0|
||2014|3543.0|307.0|1850.0|1023.0|675.0|16042.0|5975.0|350.0|1613.0|5628.0|260.0|4819.0|1233.0|866.0|386.0|0.0|1050.0|761.0|2026.0|809.0|5748.0|5808.0|3930.0|720.0|970.0|1960.0|406.0|1290.0|3918.0|4967.0|1080.0|315.0|492.0|2682.0|995.0|505.0|2697.0|940.0|866.0|659.0|701.0|4742.0|922.0|2703.0|5060.0|1906.0|898.0|340.0|286.0|2804.0|2335.0|1277.0|6625.0|11150.0|1001.0|1976.0|380.0|2887.0|2053.0|1625.0|2206.0|1892.0|2406.0|1715.0|1800.0|2835.0|1151.0|3300.0|557.0|700.0|513.0|839.0|1616.0|2749.0|3832.0|319.0|350.0|68159.0|25389.0|1934.0|480.0|
||2015|4231.0|307.0|790.0|1023.0|685.0|13549.0|5968.0|350.0|1213.0|3429.0|1082.0|2708.0|1424.0|769.0|306.0|0.0|820.0|551.0|2328.0|1103.0|4801.0|1792.0|1077.0|500.0|922.0|2043.0|406.0|251.0|4021.0|4158.0|1443.0|315.0|500.0|5133.0|934.0|505.0|2912.0|1161.0|781.0|659.0|1201.0|4599.0|999.0|5497.0|6422.0|2417.0|1308.0|342.0|286.0|4711.0|2600.0|1717.0|7505.0|4293.0|510.0|1608.0|369.0|3107.0|876.0|825.0|3496.0|2827.0|1138.0|1496.0|1793.0|3031.0|1151.0|5570.0|280.0|694.0|658.0|789.0|931.0|2450.0|1182.0|319.0|768.0|76749.0|23616.0|1672.0|180.0|
||2016|4615.0|915.0|750.0|1043.0|905.0|14857.0|5304.0|0.0|837.0|4360.0|1078.0|3008.0|850.0|1410.0|272.0|0.0|2050.0|875.0|2323.0|2112.0|4423.0|3258.0|3093.0|650.0|2060.0|2090.0|0.0|251.0|4024.0|7296.0|1033.0|350.0|360.0|3972.0|934.0|460.0|2207.0|1271.0|371.0|657.0|1702.0|5546.0|910.0|5512.0|6036.0|1413.0|1228.0|342.0|286.0|3716.0|2769.0|890.0|6690.0|6958.0|530.0|1954.0|369.0|2891.0|1193.0|2275.0|2433.0|2727.0|650.0|1626.0|1444.0|2354.0|1151.0|4828.0|740.0|554.0|380.0|799.0|1666.0|3965.0|2550.0|319.0|768.0|69493.0|21977.0|1927.0|0.0|
||2017|6646.0|1030.0|750.0|1043.0|2020.0|21599.0|5813.0|430.0|1177.0|3770.0|1214.0|5828.0|627.0|290.0|272.0|680.0|1470.0|619.0|2729.0|609.0|4093.0|3251.0|3198.0|1450.0|3828.0|968.0|0.0|226.0|5197.0|5969.0|626.0|315.0|300.0|4462.0|1000.0|360.0|3172.0|1525.0|791.0|657.0|1704.0|5281.0|880.0|5822.0|7590.0|1420.0|1223.0|342.0|286.0|3997.0|2899.0|260.0|9211.0|6360.0|763.0|1779.0|369.0|3135.0|523.0|1492.0|3331.0|2119.0|188.0|1390.0|1446.0|4886.0|1110.0|3710.0|530.0|554.0|395.0|1519.0|1005.0|3800.0|3340.0|319.0|768.0|71603.0|28271.0|1590.0|0.0|
||2018|7395.0|1340.0|750.0|743.0|1264.0|21623.0|6603.0|250.0|787.0|4766.0|988.0|7468.0|827.0|280.0|272.0|800.0|1400.0|420.0|2023.0|1113.0|4748.0|6599.0|3971.0|800.0|3817.0|2082.0|260.0|726.0|5416.0|5201.0|460.0|575.0|280.0|3830.0|1690.0|610.0|2638.0|1227.0|371.0|657.0|2390.0|6207.0|320.0|7277.0|6018.0|1374.0|1163.0|342.0|1216.0|3523.0|3917.0|885.0|7746.0|6387.0|3236.0|1580.0|369.0|3838.0|1253.0|1905.0|3705.0|2535.0|186.0|1020.0|1443.0|4476.0|1110.0|4812.0|530.0|1600.0|585.0|799.0|1414.0|3141.0|4186.0|319.0|768.0|80781.0|28374.0|3870.0|809.0|
||2019|5099.0|505.0|2290.0|743.0|1250.0|22624.0|10800.0|100.0|1337.0|3899.0|2646.0|13012.0|1099.0|724.0|272.0|680.0|2520.0|1490.0|2266.0|1700.0|5550.0|10053.0|4109.0|2711.0|3146.0|2090.0|2176.0|2954.0|5915.0|12129.0|210.0|1836.0|0.0|4926.0|1459.0|360.0|1385.0|1678.0|1191.0|652.0|2339.0|5368.0|325.0|8018.0|7984.0|1026.0|1296.0|342.0|1216.0|3471.0|3417.0|0.0|7122.0|6637.0|2905.0|1583.0|369.0|3487.0|1098.0|1725.0|3194.0|2078.0|0.0|1703.0|3750.0|4196.0|1110.0|5023.0|280.0|1779.0|596.0|2279.0|1697.0|3371.0|4258.0|319.0|768.0|85696.0|28968.0|3500.0|809.0|
||2020|4810.0|0.0|1020.0|743.0|446.0|15631.0|7476.0|0.0|687.0|3701.0|240.0|9723.0|641.0|425.0|272.0|680.0|1292.0|970.0|1030.0|1117.0|6233.0|8468.0|3477.0|600.0|2558.0|2332.0|260.0|2769.0|5064.0|2334.0|210.0|1185.0|0.0|4310.0|1034.0|360.0|472.0|806.0|1191.0|652.0|1403.0|4948.0|907.0|6583.0|6670.0|1008.0|700.0|342.0|1216.0|3850.0|2274.0|0.0|6830.0|4503.0|2306.0|1583.0|0.0|2246.0|503.0|1757.0|2790.0|2078.0|0.0|1493.0|2215.0|3431.0|359.0|2926.0|527.0|1773.0|596.0|549.0|1005.0|1937.0|4282.0|319.0|768.0|70545.0|22141.0|3275.0|0.0|
||2021|3347.0|0.0|2517.0|0.0|596.0|4448.0|5669.0|0.0|0.0|2127.0|240.0|6484.0|0.0|375.0|0.0|0.0|0.0|710.0|0.0|1092.0|3739.0|9343.0|3356.0|540.0|1684.0|1439.0|260.0|1784.0|1431.0|2034.0|220.0|0.0|0.0|2548.0|0.0|0.0|0.0|0.0|372.0|307.0|698.0|3370.0|325.0|3257.0|3970.0|1012.0|330.0|342.0|930.0|2548.0|604.0|120.0|4713.0|5147.0|1800.0|0.0|369.0|1248.0|0.0|1142.0|0.0|1608.0|0.0|870.0|1171.0|3016.0|359.0|680.0|0.0|495.0|1998.0|439.0|0.0|756.0|2000.0|319.0|768.0|38080.0|13223.0|1640.0|0.0|
||2022|5193.0|0.0|1755.0|743.0|1266.0|20992.0|10652.0|180.0|737.0|3386.0|1710.0|8612.0|622.0|800.0|0.0|700.0|2030.0|1171.0|1074.0|1863.0|5126.0|9061.0|3366.0|1126.0|3516.0|1857.0|1000.0|1732.0|4727.0|4576.0|460.0|1451.0|0.0|11192.0|2084.0|1210.0|1002.0|826.0|1191.0|1612.0|2811.0|6984.0|330.0|8419.0|7885.0|1005.0|845.0|340.0|924.0|3198.0|4052.0|2615.0|7679.0|5991.0|2040.0|1529.0|369.0|3000.0|1286.0|1458.0|3961.0|2076.0|300.0|2071.0|2829.0|4305.0|1110.0|3564.0|650.0|1803.0|2285.0|959.0|935.0|1931.0|4513.0|319.0|718.0|79806.0|30995.0|2380.0|1270.0|
||2023|4376.0|0.0|1745.0|743.0|1864.0|20882.0|14857.0|1347.0|735.0|3195.0|710.0|7790.0|773.0|800.0|150.0|0.0|2475.0|1810.0|2579.0|1634.0|6884.0|9480.0|2285.0|442.0|2570.0|1863.0|255.0|1565.0|4086.0|4470.0|320.0|315.0|238.0|3902.0|1384.0|360.0|2782.0|1113.0|1382.0|1591.0|3219.0|6537.0|330.0|9282.0|6173.0|4094.0|1535.0|342.0|750.0|2416.0|3182.0|2410.0|7817.0|10002.0|3378.0|1529.0|367.0|3212.0|961.0|1860.0|3035.0|2076.0|0.0|2494.0|2041.0|4511.0|1110.0|2555.0|280.0|1570.0|1104.0|808.0|755.0|1413.0|4987.0|1966.0|418.0|78814.0|28517.0|1980.0|1131.0|
||2024|9151.0|700.0|927.0|743.0|1286.0|34951.0|23999.0|1170.0|1513.0|4419.0|1160.0|10024.0|1450.0|1040.0|539.0|800.0|1625.0|1753.0|2649.0|1462.0|16641.0|7438.0|4088.0|1374.0|3406.0|1903.0|2125.0|3090.0|5842.0|9294.0|1359.0|1591.0|1600.0|2253.0|2034.0|360.0|822.0|1771.0|1663.0|1877.0|2151.0|6316.0|907.0|11971.0|12591.0|6404.0|2081.0|342.0|924.0|3326.0|3584.0|4000.0|9842.0|9096.0|3474.0|2312.0|957.0|3016.0|1310.0|2547.0|3899.0|2598.0|1060.0|3830.0|3267.0|5789.0|2120.0|4763.0|275.0|1770.0|1668.0|594.0|1250.0|2154.0|5635.0|1780.0|1018.0|92666.0|29825.0|5818.0|809.0|
Seyirci Sayısı|Ölçüm bazında|2000|67956.0|2200.0|0.0|0.0|0.0|440359.0|63097.0|0.0|0.0|15000.0|0.0|0.0|12000.0|33094.0|0.0|0.0|0.0|0.0|0.0|0.0|95693.0|0.0|78251.0|0.0|19500.0|7550.0|0.0|55556.0|8400.0|0.0|5378.0|0.0|0.0|5000.0|12000.0|0.0|0.0|0.0|0.0|0.0|0.0|0.0|0.0|14446.0|29622.0|0.0|0.0|0.0|0.0|9400.0|0.0|0.0|20145.0|800.0|0.0|0.0|0.0|0.0|0.0|0.0|0.0|21855.0|0.0|0.0|46469.0|0.0|0.0|44189.0|0.0|0.0|39346.0|7540.0|0.0|6400.0|0.0|0.0|15706.0|2420127.0|149083.0|0.0|0.0|
||2001|32410.0|0.0|0.0|0.0|0.0|358521.0|149463.0|0.0|0.0|11538.0|0.0|0.0|13200.0|0.0|0.0|0.0|0.0|0.0|0.0|0.0|96134.0|0.0|37601.0|0.0|30000.0|0.0|0.0|24837.0|23809.0|0.0|5140.0|0.0|0.0|3000.0|0.0|0.0|0.0|0.0|0.0|0.0|0.0|0.0|0.0|43906.0|34515.0|0.0|0.0|0.0|0.0|19000.0|0.0|0.0|37960.0|750.0|0.0|0.0|0.0|16829.0|0.0|0.0|0.0|66285.0|0.0|0.0|33523.0|0.0|0.0|44341.0|0.0|0.0|24105.0|0.0|0.0|7200.0|0.0|0.0|800.0|1320639.0|134614.0|0.0|0.0|
||2002|54454.0|0.0|0.0|0.0|0.0|623784.0|65185.0|0.0|0.0|237404.0|0.0|0.0|10200.0|0.0|0.0|0.0|0.0|0.0|0.0|0.0|72642.0|0.0|24325.0|0.0|0.0|200.0|0.0|36145.0|20179.0|0.0|6043.0|0.0|0.0|2000.0|900.0|0.0|9300.0|0.0|0.0|3947.0|0.0|12611.0|0.0|0.0|39456.0|0.0|0.0|0.0|0.0|0.0|0.0|0.0|14227.0|1200.0|0.0|0.0|0.0|0.0|0.0|0.0|0.0|53400.0|0.0|0.0|32497.0|0.0|4500.0|46834.0|0.0|0.0|27835.0|0.0|0.0|3600.0|0.0|0.0|1000.0|1092358.0|138615.0|0.0|0.0|
||2003|147871.0|0.0|0.0|0.0|0.0|610951.0|62659.0|0.0|0.0|5000.0|0.0|0.0|0.0|0.0|0.0|0.0|0.0|0.0|0.0|0.0|86260.0|0.0|26075.0|0.0|0.0|600.0|0.0|32914.0|0.0|0.0|9150.0|0.0|0.0|0.0|2000.0|0.0|0.0|0.0|0.0|9901.0|0.0|14368.0|0.0|12000.0|55719.0|0.0|0.0|0.0|0.0|0.0|0.0|41529.0|5012.0|1200.0|0.0|0.0|0.0|0.0|0.0|0.0|0.0|49110.0|0.0|0.0|35508.0|0.0|1800.0|10000.0|0.0|0.0|30219.0|0.0|0.0|3000.0|0.0|0.0|0.0|1310688.0|194672.0|0.0|0.0|
||2004|87473.0|0.0|0.0|0.0|0.0|616287.0|52761.0|0.0|0.0|9406.0|0.0|0.0|0.0|0.0|0.0|0.0|0.0|0.0|0.0|0.0|89746.0|0.0|20948.0|0.0|0.0|300.0|0.0|35864.0|8928.0|0.0|7400.0|175.0|2100.0|1500.0|0.0|0.0|0.0|0.0|0.0|9285.0|0.0|2100.0|0.0|2000.0|39672.0|0.0|0.0|0.0|0.0|0.0|0.0|0.0|10000.0|0.0|3100.0|0.0|0.0|32247.0|0.0|0.0|0.0|28764.0|0.0|8100.0|31379.0|0.0|1600.0|31430.0|0.0|0.0|45619.0|0.0|0.0|0.0|0.0|0.0|4500.0|1163411.0|217396.0|4000.0|0.0|
||2005|137520.0|0.0|0.0|0.0|0.0|936915.0|50545.0|0.0|0.0|41468.0|0.0|0.0|0.0|0.0|0.0|0.0|0.0|3000.0|0.0|0.0|182764.0|0.0|44912.0|0.0|0.0|0.0|0.0|39601.0|14976.0|0.0|1600.0|300.0|1300.0|4500.0|0.0|0.0|0.0|0.0|0.0|1814.0|0.0|9451.0|0.0|29960.0|48546.0|0.0|0.0|0.0|0.0|0.0|0.0|0.0|96950.0|0.0|4650.0|0.0|0.0|34000.0|0.0|0.0|0.0|27243.0|0.0|16200.0|32227.0|25000.0|1210.0|31501.0|0.0|0.0|31521.0|0.0|0.0|0.0|0.0|0.0|22000.0|683968.0|159689.0|920.0|0.0|
||2006|84866.0|0.0|0.0|0.0|0.0|726394.0|51435.0|0.0|0.0|24825.0|0.0|0.0|0.0|0.0|0.0|0.0|0.0|8250.0|0.0|0.0|137089.0|0.0|54349.0|0.0|0.0|0.0|0.0|32468.0|13183.0|0.0|5220.0|600.0|5800.0|4000.0|0.0|0.0|0.0|0.0|0.0|11645.0|0.0|0.0|0.0|67500.0|53604.0|0.0|0.0|0.0|0.0|0.0|0.0|0.0|140200.0|0.0|2310.0|0.0|0.0|29943.0|0.0|0.0|0.0|43300.0|0.0|500.0|32443.0|0.0|2100.0|38469.0|0.0|0.0|36652.0|0.0|0.0|0.0|0.0|0.0|0.0|377879.0|167513.0|9000.0|0.0|
||2007|128432.0|0.0|0.0|0.0|0.0|648664.0|100810.0|0.0|0.0|9947.0|0.0|0.0|0.0|0.0|0.0|0.0|0.0|2950.0|0.0|0.0|67718.0|0.0|64826.0|0.0|0.0|0.0|2700.0|72569.0|13817.0|0.0|2000.0|0.0|10550.0|3100.0|0.0|0.0|0.0|0.0|0.0|108000.0|0.0|0.0|0.0|34197.0|8183.0|8400.0|24500.0|0.0|0.0|0.0|0.0|0.0|7272.0|0.0|8300.0|0.0|0.0|11800.0|0.0|0.0|0.0|35580.0|0.0|9590.0|29993.0|0.0|1000.0|32648.0|0.0|0.0|60937.0|0.0|0.0|0.0|0.0|0.0|0.0|689030.0|211249.0|10500.0|0.0|
||2008|135028.0|0.0|40300.0|0.0|0.0|665619.0|86463.0|0.0|0.0|3391.0|0.0|0.0|0.0|13500.0|0.0|0.0|0.0|1620.0|11200.0|8000.0|133488.0|0.0|45975.0|0.0|0.0|0.0|2900.0|42150.0|101299.0|0.0|10540.0|0.0|16250.0|6000.0|0.0|0.0|0.0|0.0|0.0|3000.0|0.0|0.0|0.0|83272.0|39095.0|6350.0|28000.0|0.0|0.0|0.0|54480.0|400.0|12000.0|0.0|1600.0|0.0|0.0|26336.0|3000.0|0.0|1450.0|123310.0|0.0|20000.0|22715.0|0.0|2000.0|30918.0|0.0|30180.0|28035.0|3600.0|0.0|0.0|0.0|0.0|8050.0|1253591.0|248459.0|26650.0|0.0|
||2009|168661.0|0.0|25200.0|0.0|0.0|605074.0|80433.0|0.0|0.0|0.0|0.0|0.0|0.0|20000.0|0.0|0.0|0.0|11400.0|7200.0|0.0|147981.0|0.0|71581.0|0.0|0.0|10000.0|4000.0|46571.0|131619.0|0.0|5000.0|0.0|15000.0|5000.0|0.0|0.0|6000.0|0.0|0.0|2125.0|0.0|7000.0|0.0|65467.0|65983.0|6350.0|33200.0|0.0|0.0|0.0|47000.0|0.0|29000.0|0.0|0.0|0.0|0.0|27150.0|3000.0|0.0|4800.0|92100.0|0.0|28000.0|40164.0|0.0|0.0|33586.0|0.0|7000.0|62181.0|0.0|0.0|0.0|0.0|0.0|35400.0|2029489.0|312414.0|28600.0|0.0|
||2010|155559.0|4580.0|7800.0|6981.0|0.0|773848.0|67243.0|2200.0|0.0|28001.0|0.0|0.0|4800.0|18540.0|0.0|0.0|4010.0|6898.0|7410.0|0.0|141853.0|26390.0|47554.0|17440.0|0.0|10550.0|1000.0|38329.0|145237.0|21892.0|20134.0|0.0|2000.0|27274.0|0.0|1400.0|2832.0|4130.0|0.0|2630.0|0.0|14678.0|0.0|120091.0|70544.0|5362.0|21010.0|7944.0|15440.0|3710.0|56669.0|3550.0|5600.0|42700.0|0.0|11045.0|6100.0|78680.0|2980.0|0.0|37404.0|96066.0|3300.0|34100.0|36610.0|0.0|0.0|65809.0|869.0|20970.0|57895.0|11800.0|0.0|6910.0|0.0|0.0|4256.0|2358146.0|424273.0|25200.0|0.0|
||2011|153416.0|4294.0|10132.0|3455.0|0.0|646300.0|131252.0|1860.0|150.0|53851.0|250.0|0.0|7095.0|30900.0|0.0|0.0|14400.0|28500.0|7778.0|3450.0|388836.0|25529.0|52501.0|19100.0|0.0|31382.0|18600.0|76691.0|177205.0|43694.0|16184.0|1920.0|0.0|35842.0|2154.0|2160.0|18640.0|8820.0|0.0|4900.0|5690.0|70588.0|250.0|191358.0|87787.0|19859.0|9150.0|1526.0|8700.0|119173.0|36658.0|9395.0|104340.0|23078.0|0.0|5200.0|10000.0|27523.0|7150.0|25432.0|19153.0|94291.0|1500.0|47110.0|18325.0|0.0|0.0|52482.0|9398.0|7800.0|6448.0|13720.0|5350.0|56450.0|0.0|3360.0|57080.0|1736783.0|441880.0|30360.0|0.0|
||2012|239093.0|3741.0|6710.0|13168.0|3930.0|605741.0|195364.0|3120.0|900.0|77916.0|39080.0|35640.0|5345.0|48160.0|674.0|0.0|6565.0|26872.0|2354.0|3600.0|191437.0|69904.0|88814.0|13915.0|0.0|32408.0|3652.0|39749.0|128166.0|36981.0|16592.0|3150.0|1000.0|33909.0|4800.0|7438.0|20820.0|6090.0|0.0|1800.0|9725.0|45398.0|8620.0|123215.0|129140.0|38084.0|22500.0|2460.0|13810.0|160916.0|48024.0|6600.0|70979.0|39650.0|656.0|7058.0|16190.0|44262.0|1930.0|15400.0|18350.0|133001.0|1340.0|17740.0|9924.0|33660.0|7250.0|80167.0|4000.0|6251.0|11858.0|13073.0|5690.0|41639.0|13225.0|2862.0|36924.0|1881176.0|443011.0|32760.0|3950.0|
||2013|364797.0|3090.0|7075.0|2200.0|10100.0|944581.0|185406.0|2160.0|850.0|31577.0|0.0|27402.0|1420.0|36505.0|0.0|0.0|3700.0|9140.0|4280.0|1850.0|150832.0|8143.0|68197.0|10990.0|5900.0|17510.0|0.0|54912.0|146133.0|10512.0|19890.0|0.0|850.0|19896.0|10475.0|4000.0|4800.0|7150.0|310.0|2250.0|2959.0|54706.0|3300.0|112291.0|283157.0|31052.0|62500.0|4132.0|2780.0|63835.0|49660.0|3130.0|105630.0|33870.0|3820.0|750.0|900.0|10752.0|0.0|8200.0|5923.0|83699.0|1050.0|8185.0|47887.0|857.0|1700.0|76201.0|987.0|2540.0|36861.0|3545.0|3750.0|12500.0|19422.0|869.0|8320.0|2510265.0|373693.0|27460.0|2800.0|
||2014|123465.0|1506.0|5370.0|2481.0|2975.0|902088.0|195346.0|6710.0|6479.0|65920.0|2070.0|25435.0|9080.0|35240.0|3150.0|0.0|21120.0|10279.0|12601.0|7100.0|324634.0|123757.0|40450.0|12310.0|39000.0|33105.0|3210.0|46906.0|152714.0|82130.0|15801.0|1965.0|792.0|28555.0|9830.0|1600.0|23530.0|6865.0|1750.0|4636.0|2740.0|35980.0|11602.0|120621.0|219716.0|23580.0|50535.0|4193.0|4171.0|68554.0|53638.0|1860.0|75900.0|33323.0|7269.0|6104.0|8765.0|18400.0|4273.0|12809.0|29445.0|46730.0|7212.0|8200.0|20970.0|13101.0|1850.0|74458.0|4525.0|11988.0|36688.0|2447.0|4015.0|40625.0|11057.0|3540.0|24064.0|2112046.0|407346.0|57683.0|2150.0|
||2015|157573.0|200.0|12430.0|5698.0|2260.0|749697.0|179101.0|1880.0|3441.0|57101.0|4930.0|23175.0|9109.0|10819.0|1206.0|0.0|8890.0|8460.0|11765.0|2150.0|351285.0|62520.0|72900.0|7990.0|15895.0|23639.0|800.0|37320.0|114591.0|43889.0|19705.0|883.0|14300.0|41590.0|6400.0|1010.0|42623.0|11244.0|660.0|5596.0|11645.0|68757.0|6878.0|131612.0|179347.0|17524.0|31120.0|3320.0|8341.0|80487.0|53882.0|2917.0|58668.0|68449.0|695.0|4254.0|4000.0|106042.0|3660.0|13318.0|85032.0|60769.0|1426.0|6006.0|20339.0|39051.0|3700.0|51993.0|2563.0|12066.0|55830.0|7090.0|6878.0|37070.0|6384.0|7160.0|31123.0|2134685.0|273226.0|30379.0|1034.0|
||2016|166940.0|6526.0|14950.0|16299.0|3415.0|880154.0|169706.0|0.0|11003.0|75873.0|9224.0|23435.0|6662.0|64300.0|1342.0|0.0|10596.0|5467.0|10010.0|11600.0|174461.0|121024.0|29963.0|11800.0|16648.0|25493.0|0.0|29974.0|106953.0|52376.0|13977.0|1030.0|2820.0|47459.0|2810.0|3130.0|20132.0|23154.0|2182.0|5210.0|8744.0|131456.0|5040.0|155994.0|98868.0|12463.0|34560.0|9716.0|5734.0|64198.0|23173.0|2000.0|63935.0|38016.0|2412.0|4318.0|6214.0|31803.0|6780.0|23600.0|42472.0|65832.0|465.0|4174.0|57293.0|21252.0|4700.0|156744.0|2220.0|12505.0|380.0|2650.0|5471.0|48327.0|37822.0|5492.0|24804.0|2257499.0|340658.0|18880.0|0.0|
||2017|241933.0|9280.0|18550.0|21023.0|4360.0|1019685.0|247247.0|610.0|13531.0|31169.0|1297.0|40922.0|15625.0|120.0|3550.0|4300.0|13676.0|5232.0|10475.0|1200.0|219696.0|65036.0|84320.0|17480.0|27270.0|11520.0|0.0|26385.0|153397.0|55893.0|26850.0|1180.0|1990.0|49464.0|17948.0|4800.0|31193.0|14189.0|8390.0|6460.0|18712.0|118672.0|6040.0|220299.0|100252.0|29829.0|32850.0|6850.0|6756.0|85849.0|40003.0|780.0|79320.0|83967.0|829.0|16700.0|8239.0|62928.0|3594.0|13675.0|29071.0|45585.0|4604.0|6880.0|25653.0|29855.0|3725.0|79838.0|1970.0|12996.0|35579.0|8731.0|105770.0|57977.0|89204.0|1450.0|31903.0|2580069.0|365480.0|26680.0|0.0|
||2018|201704.0|6580.0|11322.0|27935.0|23615.0|1023052.0|227949.0|700.0|6907.0|33267.0|2290.0|35099.0|10396.0|250.0|6010.0|490.0|6920.0|6856.0|20124.0|10890.0|212273.0|204534.0|140920.0|2900.0|27594.0|31650.0|520.0|42943.0|147611.0|76664.0|19091.0|1095.0|1360.0|63687.0|9330.0|4740.0|23201.0|9632.0|2980.0|2550.0|17544.0|104742.0|4900.0|397014.0|95454.0|74522.0|39750.0|8304.0|49100.0|70583.0|46902.0|1715.0|52904.0|95074.0|8051.0|15950.0|12209.0|80562.0|4901.0|12124.0|38723.0|72984.0|1674.0|11570.0|31176.0|44454.0|7656.0|84875.0|6440.0|22173.0|118490.0|9862.0|11393.0|57072.0|29908.0|10048.0|31967.0|3003641.0|354969.0|9915.0|2427.0|
||2019|247151.0|2030.0|19005.0|32295.0|32025.0|1024347.0|233384.0|250.0|7322.0|67181.0|3200.0|30930.0|17253.0|32608.0|1354.0|5910.0|26329.0|10188.0|16698.0|24436.0|284933.0|153837.0|146156.0|15190.0|15508.0|46150.0|10570.0|94307.0|230273.0|57002.0|14076.0|7448.0|0.0|55215.0|6284.0|5427.0|22227.0|20497.0|9467.0|3009.0|22307.0|62040.0|2530.0|549397.0|118983.0|12880.0|31976.0|14487.0|18940.0|56248.0|41075.0|0.0|51552.0|114722.0|7976.0|7940.0|6045.0|63705.0|5227.0|15619.0|25270.0|43169.0|0.0|12971.0|38507.0|29212.0|11718.0|111143.0|6610.0|7781.0|19196.0|8054.0|4550.0|44184.0|20903.0|12661.0|28621.0|2844748.0|383871.0|7212.0|4045.0|
||2020|141818.0|0.0|13115.0|22971.0|4215.0|652940.0|123016.0|0.0|2954.0|27338.0|650.0|18980.0|4184.0|6525.0|2700.0|3390.0|2730.0|2700.0|15169.0|5230.0|127782.0|65278.0|60901.0|12050.0|6288.0|26002.0|260.0|48564.0|116261.0|29933.0|7099.0|2045.0|0.0|32307.0|27410.0|1188.0|13209.0|4600.0|11351.0|3260.0|10229.0|19236.0|2050.0|211183.0|92126.0|8190.0|17530.0|10961.0|27120.0|31058.0|16358.0|0.0|16494.0|28024.0|5911.0|9604.0|0.0|40249.0|502.0|8588.0|36521.0|23141.0|0.0|9483.0|30868.0|16847.0|1470.0|44089.0|6415.0|9020.0|8134.0|3988.0|900.0|17985.0|42223.0|3585.0|18967.0|1740462.0|267426.0|8943.0|0.0|
||2021|16748.0|0.0|2165.0|0.0|1338.0|77996.0|24446.0|0.0|0.0|5020.0|15.0|26714.0|0.0|375.0|0.0|0.0|0.0|700.0|0.0|700.0|28797.0|17674.0|24017.0|4210.0|2830.0|2389.0|520.0|14531.0|9123.0|3138.0|650.0|0.0|0.0|7654.0|0.0|0.0|0.0|0.0|50.0|600.0|1433.0|10610.0|200.0|24175.0|13880.0|1450.0|650.0|80.0|3570.0|4664.0|544.0|1000.0|11186.0|7747.0|450.0|0.0|400.0|1030.0|0.0|1087.0|0.0|11541.0|0.0|1718.0|12763.0|7450.0|860.0|1451.0|0.0|3500.0|12829.0|460.0|0.0|685.0|5018.0|798.0|3633.0|213748.0|70217.0|11637.0|0.0|
||2022|82170.0|0.0|17000.0|8755.0|9176.0|611958.0|182148.0|450.0|1661.0|29477.0|5205.0|37959.0|10934.0|48190.0|0.0|13580.0|3675.0|9286.0|5949.0|11390.0|132486.0|189661.0|123323.0|15997.0|18506.0|27193.0|5050.0|52895.0|93405.0|52290.0|8050.0|12758.0|0.0|57718.0|37350.0|2780.0|13582.0|10036.0|9791.0|11900.0|18556.0|34387.0|4300.0|232056.0|137403.0|9450.0|10075.0|1260.0|7050.0|37117.0|64561.0|4305.0|70103.0|38859.0|4153.0|8290.0|7417.0|33135.0|7375.0|9702.0|33336.0|42380.0|600.0|13072.0|42542.0|36145.0|7047.0|67600.0|3400.0|15914.0|104529.0|8009.0|2250.0|18259.0|31439.0|2750.0|19369.0|1942674.0|333065.0|16170.0|7789.0|
||2023|119363.0|0.0|10877.0|14502.0|6700.0|680878.0|221743.0|2280.0|1400.0|23902.0|2500.0|40458.0|6921.0|10790.0|1000.0|0.0|5915.0|6670.0|5378.0|12593.0|397966.0|111542.0|86805.0|1520.0|51878.0|26695.0|60.0|71012.0|95985.0|43339.0|4158.0|1415.0|3790.0|29294.0|4280.0|2900.0|8273.0|15160.0|10043.0|7990.0|10402.0|50757.0|1300.0|228361.0|180814.0|15500.0|19950.0|8219.0|10150.0|25720.0|30511.0|5565.0|65095.0|55191.0|6157.0|4870.0|6764.0|55134.0|1035.0|15314.0|34757.0|56951.0|0.0|10780.0|61538.0|83699.0|4200.0|77864.0|3070.0|14525.0|94550.0|6794.0|545.0|10431.0|28033.0|2113.0|25949.0|2320203.0|458206.0|39420.0|1100.0|
||2024|162453.0|2910.0|16826.0|17254.0|14900.0|890244.0|292384.0|1405.0|2394.0|30388.0|3084.0|93818.0|9299.0|1686.0|1289.0|6515.0|6023.0|8243.0|9444.0|12436.0|289027.0|125764.0|101949.0|19453.0|19873.0|33682.0|2569.0|145451.0|132992.0|210364.0|9810.0|1619.0|1600.0|68762.0|13641.0|5163.0|16026.0|29089.0|11005.0|10393.0|16081.0|142037.0|11404.0|270843.0|167411.0|16930.0|72485.0|10689.0|10272.0|26837.0|34131.0|6340.0|58277.0|51283.0|7213.0|14075.0|10009.0|58763.0|6021.0|12874.0|28334.0|58654.0|1006.0|26451.0|73129.0|107669.0|4685.0|123453.0|2221.0|24060.0|103195.0|6088.0|10493.0|10976.0|44406.0|4882.0|25184.0|2884995.0|636229.0|40444.0|1430.0|
Tiyatro Salonu Sayısı|Ölçüm bazında|2000|4.0|1.0|0.0|0.0|0.0|18.0|2.0|0.0|0.0|2.0|0.0|0.0|2.0|2.0|0.0|0.0|0.0|0.0|0.0|0.0|4.0|0.0|2.0|0.0|1.0|1.0|0.0|2.0|1.0|0.0|1.0|0.0|0.0|1.0|1.0|0.0|0.0|0.0|0.0|0.0|0.0|0.0|0.0|1.0|1.0|0.0|0.0|0.0|0.0|1.0|0.0|0.0|1.0|1.0|0.0|0.0|0.0|0.0|0.0|0.0|0.0|4.0|0.0|0.0|1.0|0.0|0.0|2.0|0.0|0.0|2.0|1.0|0.0|1.0|0.0|0.0|2.0|35.0|10.0|0.0|0.0|
||2001|3.0|0.0|0.0|0.0|0.0|16.0|4.0|0.0|0.0|2.0|0.0|0.0|3.0|0.0|0.0|0.0|0.0|0.0|0.0|0.0|5.0|0.0|1.0|0.0|1.0|0.0|0.0|1.0|4.0|0.0|1.0|0.0|0.0|1.0|0.0|0.0|0.0|0.0|0.0|0.0|0.0|0.0|0.0|1.0|1.0|0.0|0.0|0.0|0.0|1.0|0.0|0.0|1.0|1.0|0.0|0.0|0.0|1.0|0.0|0.0|0.0|4.0|0.0|0.0|2.0|0.0|0.0|1.0|0.0|0.0|1.0|0.0|0.0|1.0|0.0|0.0|1.0|32.0|9.0|0.0|0.0|
||2002|4.0|0.0|0.0|0.0|0.0|15.0|2.0|0.0|0.0|6.0|0.0|0.0|2.0|0.0|0.0|0.0|0.0|0.0|0.0|0.0|6.0|0.0|1.0|0.0|0.0|1.0|0.0|2.0|1.0|0.0|1.0|0.0|0.0|1.0|1.0|0.0|1.0|0.0|0.0|1.0|0.0|1.0|0.0|0.0|1.0|1.0|0.0|0.0|0.0|0.0|0.0|0.0|2.0|1.0|0.0|0.0|0.0|0.0|0.0|0.0|0.0|2.0|0.0|0.0|1.0|0.0|1.0|2.0|0.0|0.0|1.0|0.0|0.0|1.0|0.0|0.0|1.0|32.0|10.0|0.0|0.0|
||2003|5.0|0.0|0.0|0.0|0.0|15.0|2.0|0.0|0.0|1.0|0.0|0.0|0.0|0.0|0.0|0.0|0.0|0.0|0.0|0.0|2.0|0.0|1.0|0.0|0.0|1.0|0.0|2.0|0.0|0.0|1.0|0.0|0.0|0.0|1.0|0.0|0.0|0.0|0.0|1.0|0.0|1.0|0.0|1.0|2.0|0.0|0.0|0.0|0.0|0.0|0.0|1.0|1.0|1.0|0.0|0.0|0.0|0.0|0.0|0.0|0.0|4.0|0.0|0.0|1.0|0.0|1.0|1.0|0.0|0.0|8.0|0.0|0.0|1.0|0.0|0.0|0.0|33.0|9.0|0.0|0.0|
||2004|5.0|0.0|0.0|0.0|0.0|24.0|3.0|0.0|0.0|1.0|0.0|0.0|0.0|0.0|0.0|0.0|0.0|0.0|0.0|0.0|8.0|0.0|1.0|0.0|0.0|1.0|0.0|1.0|1.0|0.0|1.0|1.0|1.0|1.0|0.0|0.0|0.0|0.0|0.0|1.0|0.0|1.0|0.0|1.0|1.0|0.0|0.0|0.0|0.0|0.0|0.0|0.0|1.0|0.0|2.0|0.0|0.0|1.0|0.0|0.0|0.0|6.0|0.0|1.0|1.0|0.0|1.0|2.0|0.0|0.0|8.0|0.0|0.0|0.0|0.0|0.0|1.0|27.0|10.0|1.0|0.0|
||2005|5.0|0.0|0.0|0.0|0.0|27.0|3.0|0.0|0.0|1.0|0.0|0.0|0.0|0.0|0.0|0.0|0.0|2.0|0.0|0.0|6.0|0.0|2.0|0.0|0.0|0.0|0.0|1.0|1.0|0.0|1.0|1.0|1.0|2.0|0.0|0.0|0.0|0.0|0.0|1.0|0.0|1.0|0.0|5.0|1.0|0.0|0.0|0.0|0.0|0.0|0.0|0.0|2.0|0.0|2.0|0.0|0.0|1.0|0.0|0.0|0.0|5.0|0.0|1.0|1.0|1.0|1.0|2.0|0.0|0.0|9.0|0.0|0.0|0.0|0.0|0.0|1.0|26.0|9.0|1.0|0.0|
||2006|5.0|0.0|0.0|0.0|0.0|28.0|3.0|0.0|0.0|1.0|0.0|0.0|0.0|0.0|0.0|0.0|0.0|2.0|0.0|0.0|5.0|0.0|2.0|0.0|0.0|0.0|0.0|1.0|1.0|0.0|1.0|1.0|2.0|2.0|0.0|0.0|0.0|0.0|0.0|1.0|0.0|0.0|0.0|4.0|1.0|0.0|0.0|0.0|0.0|0.0|0.0|0.0|2.0|0.0|3.0|0.0|0.0|1.0|0.0|0.0|0.0|4.0|0.0|1.0|1.0|0.0|1.0|2.0|0.0|0.0|8.0|0.0|0.0|0.0|0.0|0.0|0.0|21.0|7.0|1.0|0.0|
||2007|5.0|0.0|0.0|0.0|0.0|29.0|7.0|0.0|0.0|1.0|0.0|0.0|0.0|0.0|0.0|0.0|0.0|2.0|0.0|0.0|8.0|0.0|2.0|0.0|0.0|0.0|1.0|2.0|1.0|0.0|1.0|0.0|2.0|2.0|0.0|0.0|0.0|0.0|0.0|1.0|0.0|0.0|0.0|5.0|1.0|1.0|2.0|0.0|0.0|0.0|0.0|0.0|2.0|0.0|3.0|0.0|0.0|1.0|0.0|0.0|0.0|5.0|0.0|1.0|1.0|0.0|1.0|2.0|0.0|0.0|8.0|0.0|0.0|0.0|0.0|0.0|0.0|21.0|11.0|1.0|0.0|
||2008|6.0|0.0|2.0|0.0|0.0|27.0|5.0|0.0|0.0|1.0|0.0|0.0|0.0|1.0|0.0|0.0|0.0|1.0|1.0|1.0|9.0|0.0|2.0|0.0|0.0|0.0|1.0|2.0|4.0|0.0|1.0|0.0|2.0|2.0|0.0|0.0|0.0|0.0|0.0|1.0|0.0|0.0|0.0|4.0|1.0|1.0|2.0|0.0|0.0|0.0|5.0|1.0|2.0|0.0|2.0|0.0|0.0|1.0|1.0|0.0|1.0|7.0|0.0|1.0|1.0|0.0|1.0|1.0|0.0|1.0|4.0|1.0|0.0|0.0|0.0|0.0|1.0|69.0|26.0|1.0|0.0|
||2009|6.0|0.0|2.0|0.0|0.0|26.0|2.0|0.0|0.0|0.0|0.0|0.0|0.0|1.0|0.0|0.0|0.0|1.0|1.0|0.0|9.0|0.0|2.0|0.0|0.0|1.0|1.0|2.0|7.0|0.0|1.0|0.0|1.0|2.0|0.0|0.0|1.0|0.0|0.0|1.0|0.0|1.0|0.0|2.0|2.0|1.0|2.0|0.0|0.0|0.0|5.0|0.0|2.0|0.0|0.0|0.0|0.0|1.0|1.0|0.0|1.0|7.0|0.0|2.0|1.0|0.0|0.0|1.0|0.0|1.0|4.0|0.0|0.0|0.0|0.0|0.0|1.0|71.0|27.0|1.0|0.0|
||2010|7.0|2.0|1.0|3.0|0.0|30.0|6.0|1.0|0.0|12.0|0.0|0.0|1.0|2.0|0.0|0.0|3.0|4.0|3.0|0.0|11.0|5.0|2.0|2.0|0.0|2.0|1.0|2.0|11.0|2.0|2.0|0.0|1.0|6.0|0.0|2.0|2.0|2.0|0.0|2.0|0.0|7.0|0.0|8.0|2.0|1.0|5.0|1.0|7.0|3.0|6.0|2.0|2.0|9.0|0.0|3.0|3.0|2.0|6.0|0.0|8.0|5.0|2.0|3.0|1.0|0.0|0.0|2.0|3.0|3.0|2.0|2.0|0.0|3.0|0.0|0.0|2.0|137.0|57.0|3.0|0.0|
||2011|10.0|2.0|1.0|4.0|0.0|28.0|8.0|2.0|1.0|16.0|1.0|0.0|2.0|2.0|0.0|0.0|3.0|2.0|2.0|1.0|10.0|11.0|2.0|2.0|0.0|8.0|2.0|5.0|11.0|2.0|2.0|1.0|0.0|8.0|1.0|1.0|3.0|4.0|0.0|2.0|2.0|8.0|1.0|11.0|4.0|3.0|2.0|2.0|4.0|8.0|9.0|2.0|5.0|9.0|0.0|3.0|3.0|4.0|3.0|2.0|7.0|6.0|2.0|6.0|5.0|0.0|0.0|6.0|2.0|2.0|1.0|4.0|5.0|3.0|0.0|1.0|2.0|147.0|64.0|3.0|0.0|
||2012|13.0|2.0|1.0|3.0|2.0|29.0|9.0|2.0|1.0|18.0|2.0|18.0|3.0|3.0|2.0|0.0|4.0|4.0|2.0|1.0|18.0|9.0|4.0|2.0|0.0|8.0|1.0|5.0|12.0|2.0|7.0|2.0|1.0|7.0|1.0|2.0|4.0|4.0|0.0|1.0|2.0|6.0|1.0|9.0|4.0|3.0|1.0|1.0|7.0|9.0|9.0|4.0|11.0|11.0|1.0|5.0|2.0|4.0|2.0|5.0|4.0|10.0|3.0|5.0|2.0|2.0|1.0|9.0|6.0|2.0|1.0|3.0|5.0|8.0|8.0|1.0|2.0|159.0|65.0|2.0|2.0|
||2013|11.0|2.0|4.0|4.0|2.0|36.0|10.0|2.0|5.0|9.0|1.0|22.0|6.0|3.0|1.0|0.0|3.0|6.0|2.0|2.0|16.0|8.0|4.0|2.0|3.0|10.0|1.0|4.0|12.0|2.0|6.0|2.0|1.0|9.0|3.0|2.0|9.0|3.0|2.0|2.0|3.0|10.0|1.0|9.0|5.0|3.0|2.0|1.0|5.0|13.0|7.0|5.0|13.0|7.0|4.0|5.0|2.0|7.0|3.0|4.0|9.0|8.0|3.0|6.0|3.0|2.0|1.0|7.0|10.0|2.0|2.0|4.0|5.0|11.0|9.0|1.0|2.0|189.0|60.0|2.0|1.0|
||2014|10.0|1.0|2.0|2.0|2.0|44.0|9.0|2.0|4.0|11.0|1.0|11.0|6.0|3.0|1.0|0.0|2.0|4.0|3.0|2.0|15.0|6.0|4.0|2.0|3.0|5.0|1.0|2.0|11.0|7.0|5.0|1.0|2.0|8.0|2.0|1.0|6.0|3.0|2.0|2.0|3.0|7.0|2.0|6.0|10.0|4.0|2.0|1.0|1.0|7.0|6.0|3.0|5.0|10.0|4.0|3.0|1.0|7.0|4.0|4.0|5.0|5.0|5.0|6.0|3.0|6.0|2.0|10.0|3.0|2.0|2.0|3.0|3.0|8.0|8.0|1.0|1.0|178.0|56.0|4.0|2.0|
||2015|14.0|1.0|3.0|3.0|2.0|44.0|14.0|2.0|3.0|9.0|3.0|8.0|8.0|3.0|1.0|0.0|2.0|3.0|4.0|3.0|16.0|4.0|3.0|1.0|3.0|6.0|1.0|1.0|12.0|7.0|7.0|1.0|2.0|9.0|2.0|2.0|6.0|3.0|3.0|2.0|4.0|8.0|3.0|15.0|14.0|5.0|5.0|1.0|1.0|13.0|7.0|4.0|16.0|8.0|2.0|3.0|1.0|9.0|2.0|2.0|10.0|9.0|5.0|5.0|4.0|8.0|2.0|16.0|1.0|3.0|2.0|2.0|2.0|8.0|4.0|1.0|2.0|224.0|62.0|4.0|1.0|
||2016|15.0|3.0|3.0|3.0|3.0|58.0|12.0|0.0|2.0|13.0|3.0|7.0|4.0|5.0|1.0|0.0|4.0|4.0|4.0|4.0|15.0|7.0|6.0|2.0|4.0|6.0|0.0|1.0|12.0|12.0|5.0|1.0|2.0|11.0|4.0|2.0|4.0|4.0|2.0|2.0|5.0|11.0|2.0|14.0|13.0|3.0|4.0|1.0|1.0|11.0|7.0|2.0|14.0|11.0|2.0|4.0|1.0|9.0|4.0|5.0|7.0|7.0|2.0|5.0|3.0|8.0|2.0|16.0|4.0|2.0|1.0|2.0|4.0|11.0|4.0|1.0|2.0|201.0|62.0|3.0|0.0|
||2017|18.0|3.0|3.0|3.0|6.0|68.0|14.0|2.0|4.0|10.0|4.0|11.0|3.0|1.0|1.0|1.0|4.0|3.0|5.0|2.0|14.0|7.0|6.0|5.0|7.0|2.0|0.0|1.0|13.0|8.0|3.0|1.0|1.0|13.0|2.0|1.0|7.0|5.0|3.0|2.0|5.0|10.0|2.0|20.0|18.0|3.0|4.0|1.0|1.0|10.0|8.0|1.0|17.0|12.0|3.0|3.0|1.0|9.0|2.0|3.0|10.0|9.0|1.0|4.0|3.0|12.0|2.0|10.0|2.0|2.0|1.0|4.0|2.0|11.0|8.0|1.0|2.0|227.0|69.0|3.0|0.0|
||2018|19.0|4.0|3.0|2.0|4.0|68.0|16.0|1.0|2.0|13.0|3.0|15.0|4.0|1.0|1.0|1.0|4.0|2.0|3.0|4.0|15.0|9.0|9.0|3.0|9.0|6.0|1.0|2.0|13.0|10.0|2.0|2.0|1.0|10.0|4.0|2.0|5.0|3.0|2.0|2.0|8.0|12.0|1.0|25.0|12.0|3.0|4.0|1.0|3.0|9.0|10.0|3.0|19.0|12.0|9.0|3.0|1.0|11.0|3.0|5.0|10.0|6.0|1.0|4.0|3.0|11.0|2.0|13.0|2.0|3.0|2.0|2.0|3.0|9.0|9.0|1.0|2.0|245.0|77.0|8.0|1.0|
||2019|17.0|2.0|6.0|2.0|4.0|69.0|19.0|1.0|4.0|11.0|6.0|16.0|5.0|2.0|1.0|1.0|6.0|5.0|7.0|5.0|16.0|13.0|7.0|6.0|6.0|6.0|3.0|7.0|15.0|13.0|1.0|6.0|0.0|14.0|3.0|1.0|4.0|5.0|4.0|2.0|8.0|12.0|1.0|27.0|13.0|2.0|5.0|1.0|3.0|9.0|10.0|0.0|14.0|13.0|7.0|3.0|1.0|12.0|4.0|4.0|7.0|5.0|0.0|4.0|6.0|9.0|2.0|15.0|1.0|4.0|2.0|7.0|5.0|10.0|10.0|1.0|2.0|247.0|82.0|11.0|1.0|
||2020|17.0|0.0|4.0|2.0|1.0|46.0|18.0|0.0|2.0|9.0|1.0|16.0|3.0|1.0|1.0|1.0|3.0|3.0|3.0|4.0|17.0|10.0|6.0|2.0|5.0|8.0|1.0|9.0|12.0|4.0|1.0|3.0|0.0|12.0|2.0|1.0|1.0|2.0|4.0|2.0|5.0|9.0|2.0|21.0|14.0|2.0|2.0|1.0|3.0|12.0|7.0|0.0|11.0|11.0|5.0|3.0|0.0|7.0|1.0|6.0|8.0|5.0|0.0|3.0|5.0|9.0|1.0|7.0|2.0|4.0|2.0|2.0|2.0|5.0|10.0|1.0|2.0|218.0|67.0|8.0|0.0|
||2021|10.0|0.0|7.0|0.0|2.0|19.0|16.0|0.0|0.0|8.0|1.0|10.0|0.0|1.0|0.0|0.0|0.0|2.0|0.0|4.0|11.0|12.0|6.0|2.0|6.0|5.0|1.0|6.0|3.0|3.0|1.0|0.0|0.0|8.0|0.0|0.0|0.0|0.0|2.0|1.0|3.0|6.0|1.0|8.0|7.0|2.0|1.0|1.0|2.0|7.0|2.0|1.0|9.0|8.0|2.0|0.0|1.0|3.0|0.0|2.0|0.0|4.0|0.0|2.0|3.0|9.0|1.0|2.0|0.0|2.0|6.0|1.0|0.0|2.0|5.0|1.0|2.0|110.0|34.0|3.0|0.0|
||2022|17.0|0.0|4.0|2.0|4.0|64.0|20.0|1.0|2.0|9.0|3.0|15.0|3.0|2.0|0.0|1.0|5.0|3.0|2.0|6.0|14.0|12.0|6.0|4.0|11.0|5.0|1.0|5.0|11.0|6.0|2.0|3.0|0.0|18.0|5.0|4.0|3.0|2.0|4.0|3.0|10.0|12.0|1.0|26.0|16.0|2.0|3.0|1.0|2.0|9.0|10.0|6.0|15.0|12.0|4.0|3.0|1.0|10.0|4.0|3.0|9.0|5.0|1.0|6.0|5.0|11.0|2.0|9.0|3.0|4.0|11.0|3.0|2.0|7.0|13.0|1.0|2.0|218.0|66.0|4.0|3.0|
||2023|16.0|0.0|4.0|2.0|6.0|68.0|23.0|4.0|2.0|8.0|2.0|16.0|4.0|2.0|1.0|0.0|6.0|5.0|4.0|5.0|17.0|12.0|7.0|2.0|5.0|5.0|1.0|6.0|10.0|6.0|2.0|1.0|1.0|10.0|3.0|1.0|5.0|3.0|5.0|3.0|13.0|10.0|1.0|28.0|11.0|4.0|4.0|1.0|1.0|7.0|8.0|5.0|16.0|16.0|4.0|3.0|1.0|11.0|3.0|5.0|9.0|5.0|0.0|9.0|4.0|12.0|2.0|7.0|1.0|3.0|5.0|2.0|1.0|6.0|10.0|4.0|1.0|219.0|65.0|5.0|3.0|
||2024|25.0|1.0|3.0|2.0|4.0|81.0|32.0|3.0|3.0|11.0|4.0|19.0|5.0|3.0|2.0|2.0|3.0|7.0|4.0|5.0|33.0|11.0|11.0|6.0|7.0|6.0|3.0|8.0|13.0|13.0|5.0|5.0|1.0|11.0|6.0|1.0|2.0|5.0|7.0|5.0|7.0|11.0|2.0|30.0|27.0|9.0|6.0|1.0|2.0|8.0|9.0|7.0|23.0|15.0|9.0|3.0|2.0|10.0|3.0|7.0|14.0|6.0|2.0|14.0|6.0|15.0|4.0|16.0|1.0|4.0|9.0|2.0|3.0|8.0|9.0|3.0|2.0|253.0|75.0|9.0|1.0|
||||||||||||||||||||||||||||||||||||||||||||||||||||||||||||||||||||||||||||||||||||
